country,year,co2_emissions_tonnes_per_person,coal_consumption_total,gdp_total_yearly_growth,income_per_person_gdppercapita_ppp_inflation_adjusted,population_total
United Arab Emirates,1991,28.2,0.0,2.9,50300.0,2049999.0
United Arab Emirates,1992,30.2,0.0,0.853,49800.0,2170000.0
United Arab Emirates,1993,31.7,0.0,7.82,52800.0,2290000.0
United Arab Emirates,1994,29.0,0.0,6.39,55900.0,2420000.0
United Arab Emirates,1995,28.7,0.0,5.14,58300.0,2540000.0
United Arab Emirates,1996,27.4,0.0,8.1,62500.0,2670000.0
United Arab Emirates,1997,28.7,0.0,0.889,62500.0,2810000.0
United Arab Emirates,1998,26.2,0.0,3.58,64300.0,2970000.0
United Arab Emirates,1999,35.7,0.0,11.2,71200.0,3130000.0
United Arab Emirates,2000,30.5,18500.0,1.86,71800.0,3300000.0
United Arab Emirates,2001,24.1,94300.0,0.825,73000.0,3480000.0
United Arab Emirates,2002,28.5,111000.0,11.5,78100.0,3710000.0
United Arab Emirates,2003,27.5,126000.0,12.9,82000.0,4070000.0
United Arab Emirates,2004,25.0,145000.0,15.8,80200.0,4590000.0
United Arab Emirates,2005,23.0,282000.0,21.1,86400.0,5300000.0
United Arab Emirates,2006,21.6,136000.0,16.4,76600.0,6170000.0
United Arab Emirates,2007,21.7,343000.0,13.9,68800.0,7090000.0
United Arab Emirates,2008,20.9,274000.0,0.107,58400.0,7920000.0
United Arab Emirates,2009,18.3,658000.0,6.47,54900.0,8550000.0
United Arab Emirates,2010,18.9,445000.0,7.28,56100.0,8950000.0
Argentina,1991,3.61,1050000.0,10.0,16200.0,33500000.0
Argentina,1992,3.46,694000.0,6.04,17300.0,34000000.0
Argentina,1993,3.55,607000.0,6.12,18100.0,34400000.0
Argentina,1994,3.67,638000.0,2.7,17400.0,34800000.0
Argentina,1995,3.82,668000.0,5.76,18100.0,35200000.0
Argentina,1996,3.86,527000.0,8.34,19300.0,35700000.0
Argentina,1997,3.87,708000.0,3.99,19900.0,36100000.0
Argentina,1998,4.02,850000.0,3.38,19000.0,36500000.0
Argentina,1999,3.85,646000.0,0.807,18600.0,36900000.0
Argentina,2000,3.58,529000.0,4.52,17600.0,37300000.0
Argentina,2001,3.3,394000.0,11.1,15500.0,37700000.0
Argentina,2002,3.54,481000.0,8.76,16700.0,38100000.0
Argentina,2003,4.08,819000.0,8.88,18000.0,38500000.0
Argentina,2004,4.15,943000.0,9.08,19400.0,38900000.0
Argentina,2005,4.45,853000.0,8.21,20800.0,39300000.0
Argentina,2006,4.39,1230000.0,8.39,22400.0,39700000.0
Argentina,2007,4.7,1510000.0,6.5,23100.0,40100000.0
Argentina,2008,4.42,827000.0,0.598,21500.0,40500000.0
Argentina,2009,4.57,1160000.0,8.88,23500.0,40900000.0
Argentina,2010,4.61,1260000.0,8.59,24600.0,41300000.0
Australia,1991,16.4,39200000.0,3.55,30400.0,17400000.0
Australia,1992,16.4,39500000.0,3.84,31300.0,17600000.0
Australia,1993,16.5,40300000.0,4.15,32200.0,17800000.0
Australia,1994,17.0,41600000.0,4.11,33000.0,18000000.0
Australia,1995,17.2,43300000.0,3.62,33900.0,18200000.0
Australia,1996,17.5,45500000.0,4.4,34800.0,18400000.0
Australia,1997,18.0,47600000.0,5.52,36100.0,18600000.0
Australia,1998,18.3,50500000.0,4.06,37500.0,18800000.0
Australia,1999,18.5,50900000.0,2.04,38500.0,19000000.0
Australia,2000,18.6,50400000.0,3.91,38700.0,19200000.0
Australia,2001,18.7,51500000.0,3.31,39700.0,19400000.0
Australia,2002,18.9,53000000.0,4.33,40400.0,19600000.0
Australia,2003,19.3,55200000.0,2.82,41600.0,19900000.0
Australia,2004,19.2,54900000.0,3.7,42300.0,20200000.0
Australia,2005,19.1,56400000.0,2.93,42900.0,20500000.0
Australia,2006,19.2,55900000.0,4.86,44300.0,20900000.0
Australia,2007,19.0,58200000.0,2.6,45000.0,21300000.0
Australia,2008,18.8,56300000.0,1.64,44900.0,21800000.0
Australia,2009,18.4,52200000.0,3.14,45100.0,22200000.0
Australia,2010,18.0,50900000.0,2.59,45600.0,22500000.0
Austria,1991,7.72,3340000.0,1.88,38800.0,7830000.0
Austria,1992,7.71,3010000.0,0.193,38700.0,7890000.0
Austria,1993,7.71,3050000.0,2.87,39500.0,7950000.0
Austria,1994,8.05,3470000.0,2.19,40500.0,7990000.0
Austria,1995,8.45,3480000.0,2.77,41400.0,8020000.0
Austria,1996,8.41,3690000.0,1.87,42200.0,8029999.0
Austria,1997,8.35,3250000.0,3.54,43700.0,8039999.0
Austria,1998,8.17,3230000.0,3.21,45100.0,8050000.0
Austria,1999,8.22,3650000.0,3.38,46600.0,8070000.0
Austria,2000,8.69,3770000.0,1.01,47000.0,8100000.0
Austria,2001,8.87,3830000.0,1.25,47500.0,8130000.0
Austria,2002,9.52,4090000.0,1.64,47700.0,8180000.0
Austria,2003,9.49,4000000.0,2.83,48700.0,8220000.0
Austria,2004,9.63,3990000.0,2.53,49500.0,8250000.0
Austria,2005,9.31,3990000.0,3.65,50900.0,8289999.0
Austria,2006,8.96,3860000.0,3.75,52700.0,8310000.0
Austria,2007,8.85,3810000.0,1.39,53300.0,8340000.0
Austria,2008,8.1,2870000.0,3.77,51100.0,8369999.0
Austria,2009,8.6,3380000.0,2.04,51900.0,8410000.0
Austria,2010,8.3,3470000.0,2.53,53300.0,8450000.0
Azerbaijan,1991,7.52,12000.0,22.5,5780.0,7470000.0
Azerbaijan,1992,6.39,3000.0,22.8,4380.0,7580000.0
Azerbaijan,1993,5.46,4000.0,19.4,3470.0,7680000.0
Azerbaijan,1994,4.29,3000.0,11.4,3030.0,7780000.0
Azerbaijan,1995,3.98,3000.0,1.84,3030.0,7860000.0
Azerbaijan,1996,3.76,3000.0,6.35,3180.0,7930000.0
Azerbaijan,1997,3.97,0.0,10.6,3460.0,7990000.0
Azerbaijan,1998,3.55,0.0,8.04,3690.0,8050000.0
Azerbaijan,1999,3.64,0.0,11.8,4060.0,8119999.0
Azerbaijan,2000,3.52,3000.0,10.7,4430.0,8199999.0
Azerbaijan,2001,3.58,2000.0,11.4,4810.0,8279999.0
Azerbaijan,2002,3.67,3000.0,12.0,5270.0,8359999.0
Azerbaijan,2003,3.8,920.0,12.3,5700.0,8450000.0
Azerbaijan,2004,4.02,3220.0,25.2,7220.0,8540000.0
Azerbaijan,2005,4.54,3220.0,34.6,9610.0,8630000.0
Azerbaijan,2006,3.49,4930.0,25.1,11900.0,8720000.0
Azerbaijan,2007,4.02,3700.0,10.9,12900.0,8820000.0
Azerbaijan,2008,3.57,3700.0,9.35,13800.0,8920000.0
Azerbaijan,2009,3.39,5550.0,5.17,14300.0,9030000.0
Azerbaijan,2010,3.61,4930.0,0.119,13900.0,9150000.0
Belgium,1991,12.2,9100000.0,1.4,36500.0,10100000.0
Belgium,1992,12.0,8620000.0,1.08,36000.0,10100000.0
Belgium,1993,12.3,9270000.0,3.11,37100.0,10200000.0
Belgium,1994,12.4,8850000.0,2.28,37900.0,10200000.0
Belgium,1995,12.7,8470000.0,1.11,38300.0,10200000.0
Belgium,1996,12.1,7910000.0,3.28,39700.0,10200000.0
Belgium,1997,12.7,7870000.0,1.86,40400.0,10200000.0
Belgium,1998,12.2,6890000.0,3.44,41700.0,10300000.0
Belgium,1999,12.3,7630000.0,3.75,43200.0,10300000.0
Belgium,2000,12.2,7260000.0,0.859,43500.0,10300000.0
Belgium,2001,12.2,6230000.0,1.73,44000.0,10400000.0
Belgium,2002,12.3,6020000.0,1.3,44300.0,10400000.0
Belgium,2003,12.3,5600000.0,3.35,45700.0,10500000.0
Belgium,2004,11.9,5150000.0,2.07,46500.0,10500000.0
Belgium,2005,11.7,5080000.0,2.62,47400.0,10600000.0
Belgium,2006,11.3,4640000.0,2.79,48700.0,10700000.0
Belgium,2007,11.2,4580000.0,0.809,48600.0,10800000.0
Belgium,2008,9.93,2950000.0,3.02,47200.0,10900000.0
Belgium,2009,10.4,3750000.0,2.09,48100.0,10900000.0
Belgium,2010,9.48,3530000.0,0.69,48300.0,11000000.0
Bangladesh,1991,0.14300000000000002,84500.0,5.76,1580.0,108000000.0
Bangladesh,1992,0.146,31500.0,5.26,1620.0,110000000.0
Bangladesh,1993,0.156,29500.0,4.65,1650.0,113000000.0
Bangladesh,1994,0.183,321000.0,5.42,1700.0,115000000.0
Bangladesh,1995,0.183,176000.0,5.03,1740.0,118000000.0
Bangladesh,1996,0.193,323000.0,5.68,1780.0,120000000.0
Bangladesh,1997,0.18899999999999997,93000.0,5.39,1830.0,123000000.0
Bangladesh,1998,0.2,46000.0,4.92,1880.0,125000000.0
Bangladesh,1999,0.20800000000000002,330000.0,5.89,1940.0,128000000.0
Bangladesh,2000,0.239,350000.0,5.12,2000.0,130000000.0
Bangladesh,2001,0.242,365000.0,4.15,2040.0,132000000.0
Bangladesh,2002,0.248,349000.0,4.86,2100.0,135000000.0
Bangladesh,2003,0.263,350000.0,5.84,2170.0,137000000.0
Bangladesh,2004,0.271,718000.0,5.28,2280.0,139000000.0
Bangladesh,2005,0.29600000000000004,1090000.0,6.53,2400.0,141000000.0
Bangladesh,2006,0.299,890000.0,6.3,2540.0,143000000.0
Bangladesh,2007,0.314,937000.0,5.96,2660.0,144000000.0
Bangladesh,2008,0.337,1170000.0,5.91,2760.0,146000000.0
Bangladesh,2009,0.366,746000.0,6.4,2880.0,148000000.0
Bangladesh,2010,0.379,1110000.0,6.66,3040.0,149000000.0
Bulgaria,1991,6.57,7760000.0,7.07,10500.0,8680000.0
Bulgaria,1992,6.72,8359999.0,0.149,10400.0,8580000.0
Bulgaria,1993,6.61,7650000.0,1.67,10600.0,8470000.0
Bulgaria,1994,6.88,7650000.0,2.96,11000.0,8380000.0
Bulgaria,1995,7.0,7620000.0,9.27,11600.0,8289999.0
Bulgaria,1996,6.78,8690000.0,5.35,10000.0,8210000.0
Bulgaria,1997,6.54,8279999.0,4.36,10500.0,8140000.0
Bulgaria,1998,5.74,6810000.0,2.51,9720.0,8070000.0
Bulgaria,1999,5.66,6290000.0,5.6,10200.0,8000000.0
Bulgaria,2000,6.17,7170000.0,4.41,10800.0,7930000.0
Bulgaria,2001,5.87,6610000.0,5.21,11700.0,7870000.0
Bulgaria,2002,6.47,7400000.0,4.61,12400.0,7800000.0
Bulgaria,2003,6.4,7070000.0,6.9,13300.0,7740000.0
Bulgaria,2004,6.59,6920000.0,6.55,14400.0,7690000.0
Bulgaria,2005,6.8,7030000.0,6.37,15500.0,7630000.0
Bulgaria,2006,7.35,7910000.0,6.31,16600.0,7580000.0
Bulgaria,2007,7.18,7540000.0,5.98,17800.0,7520000.0
Bulgaria,2008,6.12,6350000.0,5.55,17300.0,7470000.0
Bulgaria,2009,6.44,6880000.0,0.531,17500.0,7430000.0
Bulgaria,2010,7.2,8090000.0,3.64,18000.0,7380000.0
Belarus,1991,8.87,1680000.0,10.0,7920.0,10200000.0
Belarus,1992,7.66,1440000.0,8.06,7310.0,10100000.0
Belarus,1993,6.37,1010000.0,12.0,6460.0,10100000.0
Belarus,1994,5.76,952000.0,10.7,5810.0,10100000.0
Belarus,1995,5.9,1160000.0,2.45,5990.0,10000000.0
Belarus,1996,6.25,1220000.0,11.0,6700.0,10000000.0
Belarus,1997,5.96,1080000.0,8.0,7300.0,9970000.0
Belarus,1998,5.75,1000000.0,3.01,7580.0,9920000.0
Belarus,1999,5.62,995000.0,5.44,8050.0,9870000.0
Belarus,2000,5.67,714000.0,4.37,8480.0,9810000.0
Belarus,2001,5.72,674000.0,4.66,8960.0,9750000.0
Belarus,2002,5.91,634000.0,6.45,9660.0,9680000.0
Belarus,2003,6.32,621000.0,11.0,10800.0,9620000.0
Belarus,2004,6.5,686000.0,8.88,11900.0,9560000.0
Belarus,2005,6.82,614000.0,9.87,13200.0,9520000.0
Belarus,2006,6.78,695000.0,8.38,14400.0,9480000.0
Belarus,2007,7.03,648000.0,11.7,15900.0,9450000.0
Belarus,2008,6.57,617000.0,0.152,16000.0,9430000.0
Belarus,2009,6.79,646000.0,7.5,17300.0,9420000.0
Belarus,2010,6.68,775000.0,5.68,18300.0,9420000.0
Brazil,1991,1.42,10700000.0,0.511,10300.0,154000000.0
Brazil,1992,1.46,11000000.0,5.03,10600.0,157000000.0
Brazil,1993,1.5,11300000.0,5.99,10900.0,159000000.0
Brazil,1994,1.58,11800000.0,4.37,11300.0,162000000.0
Brazil,1995,1.71,12200000.0,2.82,11300.0,165000000.0
Brazil,1996,1.78,12300000.0,3.46,11500.0,167000000.0
Brazil,1997,1.82,12000000.0,0.28,11400.0,170000000.0
Brazil,1998,1.84,12200000.0,0.954,11300.0,172000000.0
Brazil,1999,1.86,13000000.0,4.52,11600.0,175000000.0
Brazil,2000,1.88,12800000.0,0.984,11600.0,177000000.0
Brazil,2001,1.83,12400000.0,2.74,11800.0,180000000.0
Brazil,2002,1.75,12800000.0,1.05,11800.0,182000000.0
Brazil,2003,1.81,13500000.0,5.62,12300.0,184000000.0
Brazil,2004,1.84,13000000.0,2.76,12600.0,186000000.0
Brazil,2005,1.82,12800000.0,3.96,12900.0,188000000.0
Brazil,2006,1.88,13600000.0,6.09,13600.0,190000000.0
Brazil,2007,1.98,13800000.0,5.17,14100.0,192000000.0
Brazil,2008,1.86,11100000.0,0.33,14000.0,194000000.0
Brazil,2009,2.1,14500000.0,7.53,14900.0,196000000.0
Brazil,2010,2.18,15400000.0,2.73,15300.0,198000000.0
Canada,1991,16.5,26800000.0,0.624,33400.0,28200000.0
Canada,1992,16.4,23800000.0,2.07,33900.0,28500000.0
Canada,1993,16.7,25200000.0,4.68,35100.0,28900000.0
Canada,1994,17.0,26300000.0,2.57,35600.0,29200000.0
Canada,1995,17.3,26900000.0,1.34,35800.0,29500000.0
Canada,1996,17.6,28100000.0,4.07,34100.0,29700000.0
Canada,1997,17.8,30100000.0,3.96,34800.0,30000000.0
Canada,1998,18.1,28900000.0,5.35,35900.0,30300000.0
Canada,1999,18.7,30600000.0,5.13,37300.0,30600000.0
Canada,2000,18.3,31800000.0,1.36,37400.0,30900000.0
Canada,2001,18.3,32000000.0,3.37,38300.0,31200000.0
Canada,2002,18.7,31900000.0,1.97,39400.0,31500000.0
Canada,2003,18.4,30000000.0,3.2,40500.0,31800000.0
Canada,2004,17.9,30100000.0,3.21,42100.0,32200000.0
Canada,2005,17.6,29200000.0,2.7,43500.0,32500000.0
Canada,2006,18.1,30300000.0,2.08,46000.0,32900000.0
Canada,2007,17.3,29400000.0,0.996,46000.0,33299999.0
Canada,2008,16.1,23500000.0,2.98,44100.0,33700000.0
Canada,2009,16.3,24800000.0,2.98,45000.0,34100000.0
Canada,2010,16.4,22200000.0,2.48,45900.0,34500000.0
Switzerland,1991,6.78,209000.0,0.0513,53600.0,6790000.0
Switzerland,1992,6.35,175000.0,0.00561,53100.0,6870000.0
Switzerland,1993,6.16,177000.0,1.28,53300.0,6940000.0
Switzerland,1994,6.21,190000.0,0.606,53200.0,7000000.0
Switzerland,1995,6.27,142000.0,0.79,53300.0,7040000.0
Switzerland,1996,6.09,110000.0,2.15,54400.0,7070000.0
Switzerland,1997,6.3,91000.0,3.14,55800.0,7090000.0
Switzerland,1998,6.25,94600.0,1.28,56500.0,7120000.0
Switzerland,1999,6.11,138000.0,3.56,58400.0,7140000.0
Switzerland,2000,6.28,144000.0,1.09,58800.0,7180000.0
Switzerland,2001,6.02,133000.0,0.394,58400.0,7220000.0
Switzerland,2002,6.15,136000.0,0.151,58000.0,7270000.0
Switzerland,2003,6.18,129000.0,2.75,59200.0,7320000.0
Switzerland,2004,6.2,144000.0,2.63,60700.0,7390000.0
Switzerland,2005,6.09,156000.0,3.88,62700.0,7460000.0
Switzerland,2006,5.76,174000.0,3.89,64700.0,7540000.0
Switzerland,2007,5.87,157000.0,1.73,65300.0,7620000.0
Switzerland,2008,5.65,148000.0,3.75,63000.0,7710000.0
Switzerland,2009,5.77,148000.0,2.5,64300.0,7810000.0
Switzerland,2010,5.19,137000.0,1.34,64599.0,7910000.0
Chile,1991,2.35,1850000.0,12.5,11500.0,13700000.0
Chile,1992,2.46,1870000.0,7.26,12000.0,13900000.0
Chile,1993,2.67,2200000.0,8.13,12400.0,14200000.0
Chile,1994,2.86,2370000.0,8.61,13300.0,14400000.0
Chile,1995,3.27,3290000.0,7.55,14000.0,14600000.0
Chile,1996,3.75,4280000.0,6.68,14900.0,14800000.0
Chile,1997,3.8,4030000.0,3.27,15300.0,15000000.0
Chile,1998,4.02,4160000.0,0.729,15100.0,15200000.0
Chile,1999,3.79,3210000.0,4.54,15700.0,15300000.0
Chile,2000,3.39,2520000.0,3.43,16000.0,15500000.0
Chile,2001,3.48,2540000.0,2.23,16300.0,15700000.0
Chile,2002,3.47,2430000.0,3.96,16800.0,15800000.0
Chile,2003,3.69,2810000.0,6.25,17900.0,16000000.0
Chile,2004,3.77,2760000.0,6.36,18700.0,16200000.0
Chile,2005,3.91,3440000.0,5.83,19700.0,16399999.0
Chile,2006,4.28,4090000.0,5.2,20400.0,16500000.0
Chile,2007,4.24,4370000.0,3.04,20900.0,16700000.0
Chile,2008,3.91,3990000.0,0.91,20400.0,16900000.0
Chile,2009,4.18,4490000.0,5.73,21300.0,17100000.0
Chile,2010,4.53,5760000.0,5.92,22400.0,17200000.0
China,1991,2.2,579000000.0,8.75,1730.0,1210000000.0
China,1992,2.33,617000000.0,12.2,1950.0,1220000000.0
China,1993,2.45,657000000.0,8.81,2180.0,1230000000.0
China,1994,2.63,665000000.0,12.7,2390.0,1240000000.0
China,1995,2.73,696000000.0,3.42,2600.0,1250000000.0
China,1996,2.71,682000000.0,6.24,2810.0,1260000000.0
China,1997,2.57,677000000.0,0.849,3000.0,1270000000.0
China,1998,2.54,696000000.0,4.95,3210.0,1280000000.0
China,1999,2.6,706000000.0,5.63,3450.0,1290000000.0
China,2000,2.64,743000000.0,6.95,3710.0,1300000000.0
China,2001,2.9,814000000.0,10.9,4020.0,1310000000.0
China,2002,3.39,970000000.0,8.21,4400.0,1320000000.0
China,2003,3.88,1130000000.0,10.2,4820.0,1320000000.0
China,2004,4.34,1320000000.0,10.1,5340.0,1330000000.0
China,2005,4.77,1450000000.0,12.4,5980.0,1340000000.0
China,2006,5.1,1580000000.0,11.2,6800.0,1350000000.0
China,2007,5.45,1610000000.0,2.2,7410.0,1350000000.0
China,2008,5.7,1690000000.0,7.5,8070.0,1360000000.0
China,2009,6.22,1750000000.0,7.34,8890.0,1370000000.0
China,2010,6.83,1900000000.0,5.56,9690.0,1380000000.0
Colombia,1991,1.79,3360000.0,4.27,8510.0,34400000.0
Colombia,1992,1.81,3520000.0,5.63,8790.0,35100000.0
Colombia,1993,1.87,4030000.0,5.08,9130.0,35800000.0
Colombia,1994,1.62,3610000.0,5.15,9430.0,36400000.0
Colombia,1995,1.61,2800000.0,1.97,9460.0,37100000.0
Colombia,1996,1.71,3310000.0,3.39,9610.0,37700000.0
Colombia,1997,1.7,3150000.0,0.494,9510.0,38400000.0
Colombia,1998,1.41,2520000.0,4.34,8960.0,39000000.0
Colombia,1999,1.42,2700000.0,2.92,9070.0,39600000.0
Colombia,2000,1.39,2660000.0,1.45,9080.0,40300000.0
Colombia,2001,1.36,2190000.0,1.93,9170.0,40900000.0
Colombia,2002,1.38,2430000.0,3.89,9390.0,41500000.0
Colombia,2003,1.3,2120000.0,4.93,9750.0,42100000.0
Colombia,2004,1.41,1340000.0,5.31,10100.0,42600000.0
Colombia,2005,1.44,3810000.0,7.03,10600.0,43200000.0
Colombia,2006,1.41,3360000.0,7.22,11200.0,43700000.0
Colombia,2007,1.52,4440000.0,3.83,11400.0,44300000.0
Colombia,2008,1.62,4080000.0,1.91,11400.0,44800000.0
Colombia,2009,1.69,4810000.0,4.2,11800.0,45200000.0
Colombia,2010,1.67,3890000.0,6.83,12500.0,45700000.0
Cyprus,1991,6.9,83000.0,8.93,26300.0,801000.0
Cyprus,1992,7.05,70000.0,0.477,25900.0,819000.0
Cyprus,1993,7.18,96000.0,5.93,26900.0,837000.0
Cyprus,1994,6.88,107000.0,10.3,28600.0,855000.0
Cyprus,1995,7.14,100000.0,2.33,28500.0,873000.0
Cyprus,1996,7.1,76000.0,2.91,28800.0,891000.0
Cyprus,1997,7.28,14000.0,5.75,30200.0,909000.0
Cyprus,1998,7.43,24000.0,5.69,31400.0,926000.0
Cyprus,1999,7.56,36000.0,5.95,32900.0,943000.0
Cyprus,2000,7.3,53000.0,4.82,33800.0,960000.0
Cyprus,2001,7.37,44000.0,2.84,34700.0,977000.0
Cyprus,2002,7.64,44000.0,2.22,35200.0,994000.0
Cyprus,2003,7.74,44000.0,3.67,36400.0,1010000.0
Cyprus,2004,7.79,44000.0,2.75,37700.0,1030000.0
Cyprus,2005,7.84,30200.0,3.77,38800.0,1050000.0
Cyprus,2006,8.01,27400.0,4.03,39900.0,1060000.0
Cyprus,2007,8.03,22400.0,2.25,40300.0,1080000.0
Cyprus,2008,7.68,11900.0,3.32,38500.0,1100000.0
Cyprus,2009,7.25,14700.0,0.00511,38200.0,1110000.0
Cyprus,2010,6.89,6890.0,0.91,37400.0,1120000.0
Czech Republic,1991,14.0,25400000.0,0.49,20800.0,10400000.0
Czech Republic,1992,13.4,24800000.0,0.0883,20800.0,10400000.0
Czech Republic,1993,12.8,23400000.0,2.24,21400.0,10400000.0
Czech Republic,1994,12.7,23500000.0,5.96,22800.0,10400000.0
Czech Republic,1995,13.0,23400000.0,4.06,23800.0,10400000.0
Czech Republic,1996,12.7,22000000.0,0.685,23700.0,10300000.0
Czech Republic,1997,12.1,20400000.0,0.721,23700.0,10300000.0
Czech Republic,1998,11.3,18600000.0,1.36,24000.0,10300000.0
Czech Republic,1999,12.4,21200000.0,3.64,25100.0,10300000.0
Czech Republic,2000,12.4,20800000.0,2.4,25900.0,10300000.0
Czech Republic,2001,12.1,20400000.0,1.81,26400.0,10300000.0
Czech Republic,2002,12.5,20800000.0,3.54,27300.0,10200000.0
Czech Republic,2003,12.5,20800000.0,4.54,28600.0,10200000.0
Czech Republic,2004,12.3,20100000.0,6.6,30500.0,10300000.0
Czech Republic,2005,12.3,20800000.0,7.1,32500.0,10300000.0
Czech Republic,2006,12.4,20800000.0,5.93,34100.0,10400000.0
Czech Republic,2007,11.8,19700000.0,2.8,34700.0,10400000.0
Czech Republic,2008,11.0,18200000.0,4.73,32900.0,10500000.0
Czech Republic,2009,11.2,18800000.0,2.63,33600.0,10500000.0
Czech Republic,2010,10.9,18500000.0,2.07,34100.0,10600000.0
Germany,1991,12.1,104000000.0,2.25,38800.0,80000000.0
Germany,1992,11.9,98500000.0,0.666,38200.0,80400000.0
Germany,1993,11.6,95600000.0,3.02,38900.0,80800000.0
Germany,1994,11.6,90600000.0,2.13,39400.0,81100000.0
Germany,1995,11.8,90200000.0,1.03,39600.0,81300000.0
Germany,1996,11.5,87400000.0,1.81,40300.0,81400000.0
Germany,1997,11.4,85300000.0,1.84,41100.0,81400000.0
Germany,1998,11.0,82200000.0,1.94,41800.0,81400000.0
Germany,1999,11.1,85300000.0,3.08,43000.0,81400000.0
Germany,2000,11.3,85500000.0,1.17,43700.0,81500000.0
Germany,2001,11.1,85700000.0,0.0272,43500.0,81500000.0
Germany,2002,11.1,87200000.0,0.213,43200.0,81600000.0
Germany,2003,10.9,85000000.0,1.08,43700.0,81600000.0
Germany,2004,10.6,81300000.0,0.798,44000.0,81600000.0
Germany,2005,10.8,84500000.0,4.01,45800.0,81500000.0
Germany,2006,10.5,86700000.0,3.49,47200.0,81300000.0
Germany,2007,10.5,80100000.0,0.926,47700.0,81100000.0
Germany,2008,9.76,71700000.0,4.87,45100.0,80900000.0
Germany,2009,10.3,77100000.0,4.04,47100.0,80800000.0
Germany,2010,10.0,78300000.0,2.89,49800.0,80900000.0
Denmark,1991,11.3,6880000.0,2.11,40200.0,5170000.0
Denmark,1992,11.7,7220000.0,0.0877,40100.0,5190000.0
Denmark,1993,12.4,7760000.0,5.74,42100.0,5210000.0
Denmark,1994,11.8,6490000.0,3.09,43200.0,5230000.0
Denmark,1995,14.3,8920000.0,2.82,44200.0,5250000.0
Denmark,1996,12.4,6630000.0,3.35,45400.0,5280000.0
Denmark,1997,11.6,5630000.0,2.35,46200.0,5300000.0
Denmark,1998,11.0,4730000.0,2.76,47500.0,5320000.0
Denmark,1999,10.2,3970000.0,3.74,49100.0,5340000.0
Denmark,2000,10.4,4200000.0,0.811,49300.0,5360000.0
Denmark,2001,10.3,4200000.0,0.504,49400.0,5370000.0
Denmark,2002,11.3,5730000.0,0.419,49400.0,5390000.0
Denmark,2003,10.2,4390000.0,2.18,50600.0,5400000.0
Denmark,2004,9.51,3710000.0,3.21,51600.0,5420000.0
Denmark,2005,10.9,5630000.0,3.53,53500.0,5440000.0
Denmark,2006,10.0,4650000.0,1.71,53700.0,5470000.0
Denmark,2007,9.33,4099999.0,0.795,53200.0,5500000.0
Denmark,2008,8.84,4030000.0,5.81,50300.0,5530000.0
Denmark,2009,8.86,3830000.0,1.61,51000.0,5550000.0
Denmark,2010,7.93,3240000.0,1.04,51500.0,5580000.0
Algeria,1991,2.96,808000.0,1.65,8380.0,27000000.0
Algeria,1992,2.97,658000.0,2.23,8030.0,27600000.0
Algeria,1993,3.06,620000.0,0.999,7790.0,28200000.0
Algeria,1994,3.31,620000.0,3.69,7940.0,28800000.0
Algeria,1995,3.31,292000.0,3.72,8120.0,29300000.0
Algeria,1996,2.93,512000.0,1.02,8080.0,29700000.0
Algeria,1997,3.53,548000.0,5.03,8360.0,30200000.0
Algeria,1998,3.0,587000.0,3.14,8510.0,30600000.0
Algeria,1999,2.82,485000.0,2.45,8710.0,31000000.0
Algeria,2000,2.67,560000.0,2.62,8860.0,31500000.0
Algeria,2001,2.81,735000.0,4.07,9230.0,31900000.0
Algeria,2002,2.82,606000.0,7.04,9770.0,32299999.0
Algeria,2003,2.69,723000.0,5.41,10100.0,32700000.0
Algeria,2004,3.21,594000.0,5.38,10500.0,33100000.0
Algeria,2005,2.98,882000.0,1.72,10500.0,33600000.0
Algeria,2006,3.18,757000.0,3.42,10700.0,34200000.0
Algeria,2007,3.14,757000.0,2.02,10800.0,34700000.0
Algeria,2008,3.4,486000.0,1.7,10800.0,35300000.0
Algeria,2009,3.28,310000.0,3.57,11000.0,36000000.0
Algeria,2010,3.27,275000.0,2.31,11100.0,36700000.0
Ecuador,1991,2.07,0.0,3.1,8430.0,10700000.0
Ecuador,1992,2.2,0.0,2.17,8410.0,11000000.0
Ecuador,1993,1.21,0.0,4.33,8570.0,11200000.0
Ecuador,1994,1.98,0.0,2.83,8580.0,11500000.0
Ecuador,1995,2.05,0.0,1.69,8540.0,11700000.0
Ecuador,1996,1.52,0.0,3.0,8720.0,12000000.0
Ecuador,1997,1.83,0.0,0.0661,8830.0,12200000.0
Ecuador,1998,1.72,0.0,7.42,8240.0,12400000.0
Ecuador,1999,1.62,0.0,14.4,8180.0,12700000.0
Ecuador,2000,1.78,0.0,5.22,8350.0,12900000.0
Ecuador,2001,1.88,0.0,1.03,8540.0,13100000.0
Ecuador,2002,2.0,0.0,4.16,8630.0,13400000.0
Ecuador,2003,2.12,0.0,8.58,9180.0,13600000.0
Ecuador,2004,2.17,0.0,5.22,9500.0,13800000.0
Ecuador,2005,2.03,0.0,4.51,9760.0,14100000.0
Ecuador,2006,2.21,0.0,2.24,9810.0,14300000.0
Ecuador,2007,2.29,0.0,6.36,10300.0,14500000.0
Ecuador,2008,2.4,0.0,0.997,10100.0,14800000.0
Ecuador,2009,2.39,0.0,3.19,10300.0,15000000.0
Ecuador,2010,2.35,0.0,7.87,11000.0,15200000.0
Egypt,1991,1.36,800000.0,2.94,6150.0,58700000.0
Egypt,1992,1.54,964000.0,1.18,6200.0,59900000.0
Egypt,1993,1.39,1040000.0,3.5,6320.0,61100000.0
Egypt,1994,1.52,694000.0,4.16,6480.0,62300000.0
Egypt,1995,1.47,954000.0,4.49,6670.0,63600000.0
Egypt,1996,1.66,808000.0,4.98,6900.0,64900000.0
Egypt,1997,1.84,795000.0,5.23,7140.0,66200000.0
Egypt,1998,1.85,722000.0,5.68,7420.0,67500000.0
Egypt,1999,2.04,869000.0,5.12,7750.0,68800000.0
Egypt,2000,1.77,765000.0,3.33,7870.0,70200000.0
Egypt,2001,1.76,820000.0,3.1,7910.0,71500000.0
Egypt,2002,2.01,851000.0,3.17,8010.0,72800000.0
Egypt,2003,2.01,870000.0,4.11,8180.0,74200000.0
Egypt,2004,2.19,851000.0,4.54,8400.0,75500000.0
Egypt,2005,2.29,851000.0,6.83,8810.0,76900000.0
Egypt,2006,2.38,774000.0,5.63,9280.0,78200000.0
Egypt,2007,2.45,696000.0,6.76,9760.0,79600000.0
Egypt,2008,2.5,619000.0,4.18,10000.0,81100000.0
Egypt,2009,2.4,464000.0,4.55,10300.0,82800000.0
Egypt,2010,2.53,441000.0,1.36,10300.0,84500000.0
Spain,1991,6.33,20400000.0,0.981,28400.0,39400000.0
Spain,1992,6.1,18400000.0,0.931,27900.0,39500000.0
Spain,1993,6.4,18900000.0,2.52,28500.0,39700000.0
Spain,1994,6.72,19000000.0,2.89,29100.0,39800000.0
Spain,1995,6.39,16000000.0,2.51,29800.0,39900000.0
Spain,1996,6.68,18400000.0,3.96,30800.0,40000000.0
Spain,1997,6.86,17500000.0,4.68,32000.0,40200000.0
Spain,1998,7.4,19600000.0,5.03,33300.0,40500000.0
Spain,1999,7.62,20900000.0,5.93,34900.0,40800000.0
Spain,2000,7.57,19200000.0,4.7,36000.0,41300000.0
Spain,2001,7.95,21600000.0,4.04,36500.0,41900000.0
Spain,2002,7.91,20100000.0,4.61,36900.0,42600000.0
Spain,2003,8.17,21000000.0,4.8,37400.0,43300000.0
Spain,2004,8.37,20500000.0,5.07,38100.0,44000000.0
Spain,2005,8.04,17900000.0,3.96,39000.0,44700000.0
Spain,2006,8.09,20000000.0,2.98,39600.0,45400000.0
Spain,2007,7.29,13500000.0,0.506,39400.0,46100000.0
Spain,2008,6.37,9430000.0,3.41,37500.0,46600000.0
Spain,2009,6.04,6900000.0,0.323,37400.0,46900000.0
Spain,2010,6.04,12800000.0,1.13,37000.0,47100000.0
Estonia,1991,16.1,4360000.0,13.8,13000.0,1520000.0
Estonia,1992,12.8,3200000.0,8.07,11900.0,1490000.0
Estonia,1993,13.7,3230000.0,2.02,12000.0,1460000.0
Estonia,1994,12.7,3150000.0,4.12,12800.0,1430000.0
Estonia,1995,13.4,3280000.0,4.33,13600.0,1420000.0
Estonia,1996,13.1,3240000.0,10.3,15600.0,1410000.0
Estonia,1997,12.0,2940000.0,5.16,16400.0,1410000.0
Estonia,1998,11.2,2680000.0,0.0508,16300.0,1400000.0
Estonia,1999,11.0,2830000.0,7.85,17800.0,1400000.0
Estonia,2000,11.3,2790000.0,6.55,19000.0,1390000.0
Estonia,2001,11.0,2720000.0,7.49,20400.0,1380000.0
Estonia,2002,12.5,3150000.0,5.47,22100.0,1370000.0
Estonia,2003,12.7,3230000.0,8.75,23800.0,1360000.0
Estonia,2004,12.6,3090000.0,10.7,26200.0,1360000.0
Estonia,2005,12.2,2930000.0,10.2,28900.0,1350000.0
Estonia,2006,14.9,3530000.0,7.58,31200.0,1340000.0
Estonia,2007,13.3,3360000.0,4.1,29700.0,1340000.0
Estonia,2008,10.9,3050000.0,14.1,25500.0,1340000.0
Estonia,2009,14.3,3910000.0,3.31,26200.0,1330000.0
Estonia,2010,14.4,4170000.0,8.23,28200.0,1330000.0
Finland,1991,10.8,4790000.0,3.84,29700.0,5040000.0
Finland,1992,11.1,5480000.0,1.19,29300.0,5070000.0
Finland,1993,12.1,6670000.0,4.01,30400.0,5100000.0
Finland,1994,11.4,5900000.0,3.5,31500.0,5120000.0
Finland,1995,12.5,7030000.0,3.83,32600.0,5140000.0
Finland,1996,12.2,6660000.0,6.19,34500.0,5150000.0
Finland,1997,11.5,5460000.0,5.64,36300.0,5160000.0
Finland,1998,11.4,5290000.0,3.86,37800.0,5180000.0
Finland,1999,11.0,5020000.0,5.08,39900.0,5190000.0
Finland,2000,12.0,6060000.0,2.64,40900.0,5200000.0
Finland,2001,12.5,6590000.0,1.6,41500.0,5210000.0
Finland,2002,13.9,8220000.0,1.84,42200.0,5230000.0
Finland,2003,13.2,7380000.0,3.8,43800.0,5240000.0
Finland,2004,10.9,4740000.0,3.12,44800.0,5260000.0
Finland,2005,13.0,7410000.0,4.42,46500.0,5280000.0
Finland,2006,12.6,7000000.0,5.36,48700.0,5300000.0
Finland,2007,11.0,5330000.0,0.296,48900.0,5320000.0
Finland,2008,10.5,5370000.0,8.54,44700.0,5340000.0
Finland,2009,12.0,6790000.0,3.31,45900.0,5370000.0
Finland,2010,10.5,5510000.0,2.67,46900.0,5390000.0
France,1991,7.28,17800000.0,1.59,34400.0,57100000.0
France,1992,6.9,14600000.0,1.25,34000.0,57400000.0
France,1993,6.79,14300000.0,1.95,34700.0,57600000.0
France,1994,6.88,14700000.0,2.13,35300.0,57800000.0
France,1995,7.13,15600000.0,0.998,35700.0,58000000.0
France,1996,6.98,13700000.0,2.14,36400.0,58200000.0
France,1997,7.29,16300000.0,3.41,37500.0,58400000.0
France,1998,7.19,14600000.0,3.16,38600.0,58700000.0
France,1999,7.06,14200000.0,3.94,39900.0,59000000.0
France,2000,7.09,12400000.0,1.8,40400.0,59400000.0
France,2001,6.96,12800000.0,0.853,40500.0,59800000.0
France,2002,7.02,13600000.0,0.704,40600.0,60300000.0
France,2003,6.99,12900000.0,2.27,41400.0,60700000.0
France,2004,6.99,13400000.0,1.13,41800.0,61100000.0
France,2005,6.77,12400000.0,2.38,42500.0,61500000.0
France,2006,6.56,12800000.0,2.24,43300.0,61900000.0
France,2007,6.42,12100000.0,0.06,43100.0,62200000.0
France,2008,6.12,10800000.0,3.12,41700.0,62500000.0
France,2009,6.2,11500000.0,1.73,42300.0,62900000.0
France,2010,5.78,9770000.0,1.72,43000.0,63200000.0
United Kingdom,1991,10.3,61200000.0,0.164,30300.0,57400000.0
United Kingdom,1992,10.1,53300000.0,2.27,30900.0,57600000.0
United Kingdom,1993,9.97,49700000.0,4.3,32100.0,57800000.0
United Kingdom,1994,9.79,47500000.0,3.04,32800.0,57900000.0
United Kingdom,1995,10.1,44400000.0,2.92,33500.0,58100000.0
United Kingdom,1996,9.65,39600000.0,3.44,34700.0,58300000.0
United Kingdom,1997,9.71,38600000.0,3.85,35900.0,58500000.0
United Kingdom,1998,9.55,34300000.0,3.61,37000.0,58700000.0
United Kingdom,1999,9.63,36700000.0,4.46,38100.0,58900000.0
United Kingdom,2000,9.75,38900000.0,3.14,39100.0,59100000.0
United Kingdom,2001,9.45,35700000.0,2.72,39800.0,59300000.0
United Kingdom,2002,9.6,38100000.0,3.58,41000.0,59600000.0
United Kingdom,2003,9.58,36600000.0,2.95,41700.0,59900000.0
United Kingdom,2004,9.46,37400000.0,1.95,42700.0,60300000.0
United Kingdom,2005,9.33,40900000.0,2.58,43600.0,60800000.0
United Kingdom,2006,9.1,38400000.0,3.39,44300.0,61500000.0
United Kingdom,2007,8.77,35600000.0,1.16,43800.0,62100000.0
United Kingdom,2008,7.87,29800000.0,4.39,41700.0,62800000.0
United Kingdom,2009,8.07,30900000.0,1.75,42100.0,63500000.0
United Kingdom,2010,7.34,31400000.0,0.841,42500.0,64000000.0
Greece,1991,8.16,8090000.0,1.14,25000.0,10400000.0
Greece,1992,8.0,8090000.0,0.933,24500.0,10500000.0
Greece,1993,8.12,8100000.0,2.76,24800.0,10600000.0
Greece,1994,8.1,8080000.0,2.92,25200.0,10700000.0
Greece,1995,8.23,7860000.0,3.09,25900.0,10800000.0
Greece,1996,8.61,8460000.0,4.24,26900.0,10900000.0
Greece,1997,9.0,8850000.0,3.89,27800.0,11000000.0
Greece,1998,8.89,8510000.0,3.94,28500.0,11000000.0
Greece,1999,9.3,9020000.0,4.87,29500.0,11100000.0
Greece,2000,9.47,9330000.0,4.84,30600.0,11100000.0
Greece,2001,9.4,8970000.0,4.24,31700.0,11200000.0
Greece,2002,9.73,9020000.0,5.34,33400.0,11200000.0
Greece,2003,9.76,9250000.0,4.82,35000.0,11200000.0
Greece,2004,10.2,9120000.0,4.13,35100.0,11200000.0
Greece,2005,10.1,8400000.0,5.63,37000.0,11200000.0
Greece,2006,10.3,8860000.0,3.64,38100.0,11100000.0
Greece,2007,10.1,8340000.0,1.49,37900.0,11000000.0
Greece,2008,9.53,8430000.0,3.14,36200.0,11000000.0
Greece,2009,8.95,7870000.0,4.94,34100.0,10900000.0
Greece,2010,8.74,7900000.0,7.11,31100.0,10800000.0
"Hong Kong, China",1991,5.62,6280000.0,6.19,31800.0,5860000.0
"Hong Kong, China",1992,5.87,7280000.0,5.52,33200.0,5930000.0
"Hong Kong, China",1993,5.18,5200000.0,4.46,34400.0,6000000.0
"Hong Kong, China",1994,5.14,5600000.0,2.86,34500.0,6080000.0
"Hong Kong, China",1995,4.68,4160000.0,3.64,34500.0,6190000.0
"Hong Kong, China",1996,4.84,3510000.0,5.79,35900.0,6300000.0
"Hong Kong, China",1997,6.07,4370000.0,3.47,33500.0,6420000.0
"Hong Kong, China",1998,6.53,3730000.0,4.57,34000.0,6520000.0
"Hong Kong, China",1999,6.1,4340000.0,10.7,36300.0,6610000.0
"Hong Kong, China",2000,5.68,6850000.0,0.315,36300.0,6660000.0
"Hong Kong, China",2001,5.9,5330000.0,1.26,36700.0,6700000.0
"Hong Kong, China",2002,6.43,6760000.0,2.27,37900.0,6720000.0
"Hong Kong, China",2003,6.17,6310000.0,7.65,40900.0,6740000.0
"Hong Kong, China",2004,6.47,6870000.0,6.85,43700.0,6770000.0
"Hong Kong, China",2005,6.17,6860000.0,6.36,46500.0,6800000.0
"Hong Kong, China",2006,6.38,7480000.0,6.56,49000.0,6840000.0
"Hong Kong, China",2007,6.22,6850000.0,2.55,49800.0,6880000.0
"Hong Kong, China",2008,6.01,7160000.0,2.05,48500.0,6920000.0
"Hong Kong, China",2009,5.76,6230000.0,6.94,51400.0,6970000.0
"Hong Kong, China",2010,6.16,7410000.0,4.98,53500.0,7010000.0
Croatia,1991,3.49,400000.0,11.7,13500.0,4730000.0
Croatia,1992,3.61,340000.0,8.05,12700.0,4700000.0
Croatia,1993,3.49,213000.0,5.88,13700.0,4660000.0
Croatia,1994,3.67,175000.0,6.86,15100.0,4620000.0
Croatia,1995,3.83,143000.0,5.97,16200.0,4570000.0
Croatia,1996,4.1,243000.0,6.89,17200.0,4530000.0
Croatia,1997,4.3,233000.0,2.59,17700.0,4490000.0
Croatia,1998,4.52,206000.0,0.892,17600.0,4460000.0
Croatia,1999,4.45,432000.0,2.66,18200.0,4430000.0
Croatia,2000,4.73,481000.0,4.05,19500.0,4410000.0
Croatia,2001,4.99,584000.0,4.67,20600.0,4400000.0
Croatia,2002,5.31,650000.0,3.67,21800.0,4390000.0
Croatia,2003,5.23,690000.0,3.23,22700.0,4380000.0
Croatia,2004,5.35,684000.0,5.75,23600.0,4380000.0
Croatia,2005,5.4,635000.0,4.79,24800.0,4370000.0
Croatia,2006,5.72,689000.0,4.97,26000.0,4360000.0
Croatia,2007,5.44,709000.0,1.95,26500.0,4350000.0
Croatia,2008,5.04,507000.0,7.0,24600.0,4340000.0
Croatia,2009,4.87,683000.0,2.2,24400.0,4330000.0
Croatia,2010,4.8,703000.0,0.139,24400.0,4310000.0
Hungary,1991,6.03,5170000.0,2.99,16000.0,10400000.0
Hungary,1992,6.14,4660000.0,0.429,15900.0,10400000.0
Hungary,1993,5.98,4420000.0,3.05,16400.0,10400000.0
Hungary,1994,5.96,4350000.0,1.55,16700.0,10300000.0
Hungary,1995,6.12,4290000.0,1.37,16700.0,10300000.0
Hungary,1996,6.0,4099999.0,4.63,17300.0,10300000.0
Hungary,1997,5.97,3980000.0,4.91,18000.0,10300000.0
Hungary,1998,6.04,4139999.0,4.22,18600.0,10200000.0
Hungary,1999,5.73,3870000.0,5.3,19500.0,10200000.0
Hungary,2000,5.91,3680000.0,4.1,20300.0,10200000.0
Hungary,2001,5.83,3550000.0,4.38,21300.0,10200000.0
Hungary,2002,6.11,3630000.0,4.21,22300.0,10100000.0
Hungary,2003,5.98,3440000.0,4.81,23400.0,10100000.0
Hungary,2004,6.0,3060000.0,4.19,24400.0,10100000.0
Hungary,2005,5.96,3070000.0,3.87,25500.0,10100000.0
Hungary,2006,5.85,3120000.0,0.0185,25600.0,10000000.0
Hungary,2007,5.75,3030000.0,0.746,25900.0,9990000.0
Hungary,2008,5.21,2560000.0,6.75,24200.0,9960000.0
Hungary,2009,5.26,2690000.0,1.23,24500.0,9930000.0
Hungary,2010,5.09,2710000.0,1.76,25100.0,9900000.0
Indonesia,1991,1.09,4230000.0,11.3,4990.0,188000000.0
Indonesia,1992,1.15,4930000.0,7.39,5220.0,191000000.0
Indonesia,1993,1.15,4930000.0,7.78,5530.0,194000000.0
Indonesia,1994,1.15,5420000.0,8.21,5890.0,197000000.0
Indonesia,1995,1.28,6470000.0,7.66,6260.0,200000000.0
Indonesia,1996,1.39,7970000.0,4.49,6460.0,203000000.0
Indonesia,1997,1.05,8560000.0,13.7,5530.0,206000000.0
Indonesia,1998,1.17,11800000.0,0.212,5500.0,209000000.0
Indonesia,1999,1.26,13200000.0,4.71,5690.0,212000000.0
Indonesia,2000,1.39,16700000.0,4.03,5820.0,214000000.0
Indonesia,2001,1.42,17200000.0,4.45,6000.0,217000000.0
Indonesia,2002,1.44,23100000.0,5.17,6200.0,220000000.0
Indonesia,2003,1.52,21300000.0,5.03,6420.0,223000000.0
Indonesia,2004,1.52,24400000.0,5.72,6700.0,226000000.0
Indonesia,2005,1.51,28900000.0,5.21,6970.0,229000000.0
Indonesia,2006,1.62,36200000.0,6.01,7320.0,232000000.0
Indonesia,2007,1.77,31500000.0,5.64,7660.0,235000000.0
Indonesia,2008,1.88,33200000.0,4.24,7910.0,239000000.0
Indonesia,2009,1.77,39500000.0,5.81,8290.0,242000000.0
Indonesia,2010,2.07,46900000.0,6.07,8680.0,245000000.0
India,1991,0.769,124000000.0,5.36,1850.0,909000000.0
India,1992,0.78,128000000.0,6.08,1900.0,927000000.0
India,1993,0.809,132000000.0,7.38,1990.0,946000000.0
India,1994,0.843,140000000.0,7.42,2100.0,964000000.0
India,1995,0.895,144000000.0,7.87,2220.0,982000000.0
India,1996,0.915,151000000.0,4.79,2260.0,1000000000.0
India,1997,0.9159999999999999,156000000.0,6.48,2360.0,1020000000.0
India,1998,0.96,155000000.0,6.02,2520.0,1040000000.0
India,1999,0.975,164000000.0,4.28,2570.0,1060000000.0
India,2000,0.9640000000000001,166000000.0,5.66,2650.0,1080000000.0
India,2001,0.9590000000000001,173000000.0,3.41,2710.0,1090000000.0
India,2002,0.983,181000000.0,8.36,2870.0,1110000000.0
India,2003,1.01,193000000.0,8.39,3050.0,1130000000.0
India,2004,1.06,211000000.0,7.97,3240.0,1150000000.0
India,2005,1.11,219000000.0,9.62,3450.0,1170000000.0
India,2006,1.18,240000000.0,9.22,3660.0,1180000000.0
India,2007,1.29,259000000.0,7.13,3710.0,1200000000.0
India,2008,1.41,281000000.0,5.07,3950.0,1220000000.0
India,2009,1.38,290000000.0,11.2,4230.0,1230000000.0
India,2010,1.45,305000000.0,7.75,4390.0,1250000000.0
Ireland,1991,9.48,3160000.0,2.9,27500.0,3530000.0
Ireland,1992,9.5,3070000.0,2.58,28100.0,3550000.0
Ireland,1993,9.76,2940000.0,5.86,29600.0,3570000.0
Ireland,1994,9.98,2960000.0,9.82,32299.0,3590000.0
Ireland,1995,10.3,2980000.0,8.41,34400.0,3620000.0
Ireland,1996,10.6,2840000.0,11.7,37800.0,3650000.0
Ireland,1997,11.0,2860000.0,7.62,40700.0,3690000.0
Ireland,1998,11.4,2460000.0,10.4,44400.0,3730000.0
Ireland,1999,12.0,2620000.0,9.7,48000.0,3780000.0
Ireland,2000,12.4,2740000.0,6.6,49700.0,3840000.0
Ireland,2001,11.8,2630000.0,7.29,51800.0,3910000.0
Ireland,2002,11.5,2550000.0,5.23,52500.0,3980000.0
Ireland,2003,11.4,2380000.0,5.09,55000.0,4059999.0
Ireland,2004,11.6,2650000.0,6.69,56900.0,4139999.0
Ireland,2005,11.3,2390000.0,4.63,58200.0,4230000.0
Ireland,2006,11.0,2330000.0,3.57,59500.0,4320000.0
Ireland,2007,10.7,2280000.0,3.12,55700.0,4420000.0
Ireland,2008,9.38,2000000.0,5.19,52300.0,4490000.0
Ireland,2009,9.16,1990000.0,0.0596,53000.0,4550000.0
Ireland,2010,8.28,1950000.0,2.25,52900.0,4590000.0
Iran,1991,3.86,893000.0,5.9,9590.0,58800000.0
Iran,1992,3.95,1100000.0,3.34,9530.0,59700000.0
Iran,1993,4.35,1100000.0,3.77,9250.0,60600000.0
Iran,1994,4.42,1030000.0,3.89,9330.0,61400000.0
Iran,1995,4.4,1080000.0,6.38,9680.0,62300000.0
Iran,1996,4.23,1110000.0,5.7,9600.0,63100000.0
Iran,1997,4.79,1290000.0,2.59,9680.0,64000000.0
Iran,1998,5.86,1230000.0,2.75,9640.0,64800000.0
Iran,1999,5.63,1300000.0,5.85,10100.0,65599999.0
Iran,2000,5.95,1280000.0,4.24,10000.0,66400000.0
Iran,2001,5.92,1210000.0,5.37,10600.0,67300000.0
Iran,2002,6.08,1310000.0,7.23,11400.0,68100000.0
Iran,2003,6.42,1370000.0,7.19,11800.0,69000000.0
Iran,2004,6.65,1560000.0,5.09,12000.0,69800000.0
Iran,2005,7.15,1500000.0,5.82,12500.0,70600000.0
Iran,2006,7.2,1570000.0,6.47,13300.0,71300000.0
Iran,2007,7.42,1170000.0,0.507,13200.0,72100000.0
Iran,2008,7.51,1360000.0,3.7,13200.0,72900000.0
Iran,2009,7.65,1290000.0,5.47,13800.0,73800000.0
Iran,2010,7.76,1430000.0,3.05,14000.0,74600000.0
Iraq,1991,3.2,0.0,24.2,2350.0,18400000.0
Iraq,1992,3.33,0.0,49.6,2450.0,19000000.0
Iraq,1993,3.64,0.0,7.88,2430.0,19500000.0
Iraq,1994,3.68,0.0,19.1,2300.0,20100000.0
Iraq,1995,3.34,0.0,48.7,2690.0,20800000.0
Iraq,1996,3.18,0.0,23.3,2690.0,21400000.0
Iraq,1997,3.26,0.0,35.0,3210.0,22100000.0
Iraq,1998,3.15,0.0,21.8,3630.0,22800000.0
Iraq,1999,3.05,0.0,1.8,4200.0,23500000.0
Iraq,2000,3.5,0.0,2.52,4770.0,24200000.0
Iraq,2001,3.47,0.0,8.76,5330.0,24900000.0
Iraq,2002,3.54,0.0,35.1,4350.0,25600000.0
Iraq,2003,4.32,0.0,58.5,6970.0,26300000.0
Iraq,2004,4.2,0.0,3.32,7410.0,26900000.0
Iraq,2005,3.58,0.0,9.27,8170.0,27400000.0
Iraq,2006,2.2,0.0,1.82,8320.0,27900000.0
Iraq,2007,3.25,0.0,6.8,8630.0,28400000.0
Iraq,2008,3.57,0.0,5.26,8740.0,29000000.0
Iraq,2009,3.73,0.0,6.34,9060.0,29700000.0
Iraq,2010,4.41,0.0,7.62,9440.0,30700000.0
Iceland,1991,8.71,52800.0,3.58,32200.0,260000.0
Iceland,1992,9.23,54500.0,0.508,32299.0,263000.0
Iceland,1993,8.92,53900.0,4.63,33100.0,265000.0
Iceland,1994,9.22,63400.0,0.577,33000.0,268000.0
Iceland,1995,9.34,62800.0,5.63,34300.0,270000.0
Iceland,1996,9.6,65099.0,4.87,36000.0,273000.0
Iceland,1997,9.58,58500.0,5.32,38100.0,275000.0
Iceland,1998,10.2,68400.0,3.73,39200.0,278000.0
Iceland,1999,10.5,94600.0,4.54,40600.0,280000.0
Iceland,2000,10.1,103000.0,3.39,41600.0,283000.0
Iceland,2001,10.5,102000.0,1.13,41500.0,285000.0
Iceland,2002,10.4,100000.0,3.53,42200.0,288000.0
Iceland,2003,10.7,105000.0,8.55,45100.0,291000.0
Iceland,2004,10.1,100000.0,5.27,47200.0,295000.0
Iceland,2005,10.5,103000.0,3.53,48600.0,300000.0
Iceland,2006,11.5,110000.0,5.68,51800.0,305000.0
Iceland,2007,12.2,95500.0,1.84,51900.0,311000.0
Iceland,2008,11.8,88400.0,6.02,48200.0,316000.0
Iceland,2009,11.3,93100.0,3.67,46600.0,320000.0
Iceland,2010,10.8,93100.0,3.19,47300.0,323000.0
Israel,1991,8.86,3160000.0,6.56,24900.0,4750000.0
Israel,1992,8.98,3570000.0,4.58,25300.0,4930000.0
Israel,1993,9.31,3780000.0,9.82,26500.0,5110000.0
Israel,1994,9.47,4130000.0,7.77,28500.0,5270000.0
Israel,1995,9.58,5010000.0,5.45,29200.0,5420000.0
Israel,1996,9.86,5440000.0,3.88,29600.0,5570000.0
Israel,1997,9.84,5840000.0,3.45,30100.0,5700000.0
Israel,1998,9.41,5740000.0,3.27,30200.0,5820000.0
Israel,1999,10.0,6250000.0,9.27,31600.0,5950000.0
Israel,2000,10.4,7220000.0,0.109,30900.0,6060000.0
Israel,2001,9.62,7630000.0,0.347,30300.0,6170000.0
Israel,2002,9.95,7910000.0,2.63,30000.0,6280000.0
Israel,2003,9.18,7990000.0,5.75,30700.0,6400000.0
Israel,2004,8.66,7940000.0,6.14,31400.0,6530000.0
Israel,2005,9.31,7850000.0,5.8,32600.0,6680000.0
Israel,2006,9.18,8029999.0,6.15,33800.0,6850000.0
Israel,2007,9.69,7900000.0,4.4,34200.0,7020000.0
Israel,2008,8.89,7740000.0,1.28,33700.0,7190000.0
Israel,2009,9.3,7730000.0,4.95,35000.0,7350000.0
Israel,2010,9.17,7930000.0,4.34,36000.0,7490000.0
Italy,1991,7.66,12200000.0,1.26,37500.0,57100000.0
Italy,1992,7.53,10700000.0,0.778,37200.0,57200000.0
Italy,1993,7.43,11300000.0,3.0,38000.0,57200000.0
Italy,1994,7.9,12100000.0,5.39,39100.0,57200000.0
Italy,1995,7.79,11100000.0,0.865,39600.0,57100000.0
Italy,1996,7.89,11300000.0,3.16,40300.0,56900000.0
Italy,1997,8.11,11700000.0,2.91,41000.0,56700000.0
Italy,1998,8.2,11700000.0,2.87,41600.0,56700000.0
Italy,1999,8.3,12500000.0,4.15,43200.0,56700000.0
Italy,2000,8.38,13300000.0,2.66,44000.0,56900000.0
Italy,2001,8.36,13700000.0,1.21,44100.0,57200000.0
Italy,2002,8.53,14800000.0,0.173,43900.0,57600000.0
Italy,2003,8.54,16600000.0,0.864,44300.0,57900000.0
Italy,2004,8.49,16500000.0,0.203,44400.0,58300000.0
Italy,2005,8.36,16700000.0,2.41,45100.0,58500000.0
Italy,2006,8.16,16300000.0,1.74,45500.0,58700000.0
Italy,2007,7.94,15800000.0,1.31,44800.0,58900000.0
Italy,2008,7.06,12400000.0,5.61,42200.0,59100000.0
Italy,2009,7.19,13700000.0,1.73,42800.0,59300000.0
Italy,2010,6.95,15300000.0,0.292,43000.0,59600000.0
Japan,1991,9.42,76100000.0,1.05,33500.0,125000000.0
Japan,1992,9.34,77600000.0,0.361,33200.0,126000000.0
Japan,1993,9.75,81300000.0,1.18,33400.0,126000000.0
Japan,1994,9.82,84300000.0,2.06,34200.0,126000000.0
Japan,1995,9.89,86500000.0,3.46,35200.0,127000000.0
Japan,1996,9.82,88800000.0,1.75,35500.0,127000000.0
Japan,1997,9.49,84700000.0,2.98,35000.0,127000000.0
Japan,1998,9.76,89100000.0,0.177,34800.0,127000000.0
Japan,1999,9.93,95500000.0,2.85,35700.0,128000000.0
Japan,2000,9.8,97800000.0,0.171,35800.0,128000000.0
Japan,2001,10.0,104000000.0,0.247,35700.0,128000000.0
Japan,2002,10.1,107000000.0,1.75,36200.0,128000000.0
Japan,2003,10.0,110000000.0,2.39,37000.0,128000000.0
Japan,2004,10.1,115000000.0,1.92,37600.0,128000000.0
Japan,2005,9.88,113000000.0,1.69,38100.0,128000000.0
Japan,2006,10.1,118000000.0,2.13,38700.0,128000000.0
Japan,2007,9.59,122000000.0,1.08,38300.0,129000000.0
Japan,2008,9.05,102000000.0,5.51,36200.0,129000000.0
Japan,2009,9.46,116000000.0,4.64,37700.0,129000000.0
Japan,2010,9.85,110000000.0,0.481,37700.0,128000000.0
Kazakhstan,1991,14.3,38100000.0,5.99,11300.0,16300000.0
Kazakhstan,1992,12.7,34600000.0,9.46,10300.0,16200000.0
Kazakhstan,1993,10.7,33800000.0,12.1,9160.0,16000000.0
Kazakhstan,1994,10.3,27300000.0,7.57,8550.0,15800000.0
Kazakhstan,1995,9.54,24400000.0,0.306,8730.0,15600000.0
Kazakhstan,1996,9.1,20900000.0,1.59,9020.0,15400000.0
Kazakhstan,1997,8.9,20600000.0,1.78,9000.0,15200000.0
Kazakhstan,1998,7.2,19100000.0,2.56,9330.0,15000000.0
Kazakhstan,1999,8.95,17800000.0,9.27,10300.0,14900000.0
Kazakhstan,2000,8.57,22300000.0,12.9,11700.0,14900000.0
Kazakhstan,2001,9.76,22600000.0,9.65,12800.0,15000000.0
Kazakhstan,2002,10.8,24900000.0,9.5,14000.0,15100000.0
Kazakhstan,2003,11.2,26600000.0,9.73,15200.0,15300000.0
Kazakhstan,2004,11.9,26900000.0,10.6,16500.0,15400000.0
Kazakhstan,2005,13.3,28300000.0,10.7,18100.0,15600000.0
Kazakhstan,2006,13.6,31100000.0,8.79,19500.0,15700000.0
Kazakhstan,2007,13.4,33800000.0,3.23,19900.0,15900000.0
Kazakhstan,2008,13.0,30900000.0,1.05,19600.0,16000000.0
Kazakhstan,2009,14.5,33400000.0,6.75,20800.0,16300000.0
Kazakhstan,2010,13.8,36300000.0,6.58,22000.0,16500000.0
South Korea,1991,6.44,23600000.0,7.37,14600.0,43800000.0
South Korea,1992,7.27,25800000.0,8.62,15500.0,44300000.0
South Korea,1993,7.69,26500000.0,10.8,16800.0,44800000.0
South Korea,1994,8.26,27500000.0,10.6,18200.0,45300000.0
South Korea,1995,8.78,32100000.0,5.83,19400.0,45800000.0
South Korea,1996,9.27,34900000.0,4.87,20400.0,46200000.0
South Korea,1997,7.8,36100000.0,3.86,19300.0,46600000.0
South Korea,1998,8.48,38200000.0,8.89,21300.0,47000000.0
South Korea,1999,9.41,42900000.0,6.38,23100.0,47400000.0
South Korea,2000,9.41,45700000.0,3.87,24000.0,47700000.0
South Korea,2001,9.67,49100000.0,8.14,25700.0,48000000.0
South Korea,2002,9.59,51100000.0,3.53,26400.0,48300000.0
South Korea,2003,9.88,53200000.0,4.55,27600.0,48500000.0
South Korea,2004,9.44,54800000.0,3.23,28700.0,48700000.0
South Korea,2005,9.53,56700000.0,3.83,30100.0,48900000.0
South Korea,2006,10.1,59700000.0,5.0,31700.0,49000000.0
South Korea,2007,10.3,66099999.0,1.11,32400.0,49200000.0
South Korea,2008,10.3,68600000.0,0.894,32500.0,49300000.0
South Korea,2009,11.4,77100000.0,6.62,34500.0,49500000.0
South Korea,2010,11.8,83700000.0,1.51,35500.0,49800000.0
Kuwait,1991,15.5,0.0,13.1,36600.0,1910000.0
Kuwait,1992,27.7,0.0,19.7,52700.0,1770000.0
Kuwait,1993,33.3,0.0,2.55,61000.0,1660000.0
Kuwait,1994,34.0,0.0,6.67,63700.0,1610000.0
Kuwait,1995,30.7,0.0,7.42,63300.0,1630000.0
Kuwait,1996,32.0,0.0,0.156,61700.0,1710000.0
Kuwait,1997,28.2,0.0,0.794,59700.0,1830000.0
Kuwait,1998,27.6,0.0,0.356,55000.0,1950000.0
Kuwait,1999,26.1,24.8,5.62,55000.0,2049999.0
Kuwait,2000,27.4,65.0,0.278,53600.0,2100000.0
Kuwait,2001,27.2,282.0,2.59,54300.0,2140000.0
Kuwait,2002,27.6,93.6,15.8,63000.0,2160000.0
Kuwait,2003,28.7,84.8,10.0,68200.0,2200000.0
Kuwait,2004,31.4,0.0,9.94,73200.0,2270000.0
Kuwait,2005,30.9,2330.0,4.94,75200.0,2370000.0
Kuwait,2006,29.9,397.0,3.31,75600.0,2500000.0
Kuwait,2007,31.0,672.0,5.38,73000.0,2660000.0
Kuwait,2008,30.8,0.0,4.7,63900.0,2820000.0
Kuwait,2009,29.9,3840.0,1.77,58800.0,2990000.0
Kuwait,2010,27.3,13500.0,6.49,60900.0,3170000.0
Sri Lanka,1991,0.28800000000000003,567.0,4.3,4140.0,17700000.0
Sri Lanka,1992,0.278,384.0,6.57,4380.0,17900000.0
Sri Lanka,1993,0.301,347.0,5.09,4580.0,18100000.0
Sri Lanka,1994,0.319,1000.0,4.99,4790.0,18200000.0
Sri Lanka,1995,0.38,208.0,3.27,4940.0,18400000.0
Sri Lanka,1996,0.40700000000000003,0.0,5.83,5230.0,18500000.0
Sri Lanka,1997,0.41700000000000004,195.0,4.13,5440.0,18600000.0
Sri Lanka,1998,0.457,0.0,3.87,5650.0,18700000.0
Sri Lanka,1999,0.54,340.0,5.8,5950.0,18800000.0
Sri Lanka,2000,0.547,88.1,1.49,5820.0,18900000.0
Sri Lanka,2001,0.575,10900.0,4.23,6000.0,19100000.0
Sri Lanka,2002,0.57,59700.0,6.31,6300.0,19200000.0
Sri Lanka,2003,0.627,15700.0,5.83,6590.0,19400000.0
Sri Lanka,2004,0.611,58400.0,6.4,6940.0,19500000.0
Sri Lanka,2005,0.599,43800.0,8.01,7420.0,19700000.0
Sri Lanka,2006,0.613,42800.0,7.08,7870.0,19800000.0
Sri Lanka,2007,0.6,57600.0,6.17,8270.0,20000000.0
Sri Lanka,2008,0.644,58700.0,3.71,8510.0,20100000.0
Sri Lanka,2009,0.645,59900.0,8.16,9130.0,20300000.0
Sri Lanka,2010,0.73,299000.0,8.47,9830.0,20400000.0
Lithuania,1991,5.75,417000.0,21.4,13000.0,3690000.0
Lithuania,1992,4.45,370000.0,16.3,11000.0,3670000.0
Lithuania,1993,4.32,307000.0,10.1,10000.0,3650000.0
Lithuania,1994,4.14,245000.0,4.7,10700.0,3630000.0
Lithuania,1995,4.35,225000.0,4.13,11300.0,3600000.0
Lithuania,1996,4.21,182000.0,6.32,12300.0,3580000.0
Lithuania,1997,4.47,159000.0,6.57,13400.0,3560000.0
Lithuania,1998,3.8,136000.0,2.35,13300.0,3530000.0
Lithuania,1999,3.37,92300.0,3.32,13900.0,3500000.0
Lithuania,2000,3.6,83800.0,6.03,14900.0,3470000.0
Lithuania,2001,3.66,135000.0,6.64,16100.0,3440000.0
Lithuania,2002,3.69,175000.0,9.61,17900.0,3410000.0
Lithuania,2003,3.9,169000.0,7.19,19300.0,3380000.0
Lithuania,2004,4.22,185000.0,7.42,21100.0,3340000.0
Lithuania,2005,4.36,251000.0,7.88,23100.0,3300000.0
Lithuania,2006,4.84,250000.0,9.79,25900.0,3260000.0
Lithuania,2007,4.7,212000.0,2.86,26900.0,3210000.0
Lithuania,2008,4.05,168000.0,14.8,23100.0,3170000.0
Lithuania,2009,4.39,207000.0,2.61,24000.0,3120000.0
Lithuania,2010,4.57,240000.0,14.3,26100.0,3080000.0
Luxembourg,1991,31.2,986000.0,1.53,73100.0,391000.0
Luxembourg,1992,31.2,1020000.0,4.04,75100.0,397000.0
Luxembourg,1993,28.7,879000.0,4.07,77000.0,402000.0
Luxembourg,1994,22.5,494000.0,1.17,77000.0,408000.0
Luxembourg,1995,22.3,466000.0,3.21,77000.0,414000.0
Luxembourg,1996,20.4,295000.0,8.93,80400.0,420000.0
Luxembourg,1997,18.1,98300.0,7.5,84200.0,426000.0
Luxembourg,1998,18.9,99400.0,7.74,90100.0,431000.0
Luxembourg,1999,20.0,110000.0,8.92,96200.0,436000.0
Luxembourg,2000,21.0,118000.0,0.936,97500.0,440000.0
Luxembourg,2001,22.6,73700.0,1.54,100000.0,444000.0
Luxembourg,2002,23.4,56600.0,2.17,101000.0,447000.0
Luxembourg,2003,26.2,79500.0,4.07,103000.0,452000.0
Luxembourg,2004,26.5,77600.0,5.51,104000.0,458000.0
Luxembourg,2005,25.7,92600.0,5.23,108000.0,466000.0
Luxembourg,2006,23.9,78400.0,7.14,115000.0,475000.0
Luxembourg,2007,23.1,74900.0,0.191,112000.0,485000.0
Luxembourg,2008,21.5,66900.0,3.71,105000.0,497000.0
Luxembourg,2009,22.1,67000.0,3.0,108000.0,508000.0
Luxembourg,2010,21.4,58400.0,0.99,108000.0,519000.0
Latvia,1991,5.38,546000.0,32.2,10400.0,2620000.0
Latvia,1992,4.58,499000.0,4.83,9270.0,2580000.0
Latvia,1993,4.05,376000.0,2.01,9550.0,2540000.0
Latvia,1994,3.63,267000.0,1.1,9540.0,2510000.0
Latvia,1995,3.7,250000.0,3.55,9890.0,2480000.0
Latvia,1996,3.53,224000.0,9.04,10900.0,2450000.0
Latvia,1997,3.41,165000.0,5.62,11700.0,2430000.0
Latvia,1998,3.2,128000.0,4.82,12100.0,2410000.0
Latvia,1999,2.97,132000.0,6.94,12900.0,2380000.0
Latvia,2000,3.17,123000.0,7.83,13900.0,2360000.0
Latvia,2001,3.22,99000.0,6.66,15100.0,2330000.0
Latvia,2002,3.35,88800.0,7.04,16500.0,2310000.0
Latvia,2003,3.4,67200.0,8.57,18100.0,2280000.0
Latvia,2004,3.47,80900.0,10.5,20200.0,2250000.0
Latvia,2005,3.74,86700.0,11.6,22900.0,2230000.0
Latvia,2006,3.93,107000.0,10.0,25400.0,2200000.0
Latvia,2007,3.78,106000.0,2.97,24800.0,2170000.0
Latvia,2008,3.48,85700.0,17.0,21600.0,2140000.0
Latvia,2009,4.04,109000.0,0.619,21100.0,2120000.0
Latvia,2010,3.73,111000.0,7.38,22900.0,2089999.0
Morocco,1991,0.9940000000000001,1110000.0,4.42,3870.0,25700000.0
Morocco,1992,1.06,1210000.0,1.46,3770.0,26200000.0
Morocco,1993,1.09,1350000.0,9.87,4100.0,26600000.0
Morocco,1994,1.1,1630000.0,7.06,3820.0,27000000.0
Morocco,1995,1.11,2089999.0,11.6,4230.0,27400000.0
Morocco,1996,1.12,1990000.0,2.83,4110.0,27800000.0
Morocco,1997,1.11,2380000.0,7.29,4350.0,28100000.0
Morocco,1998,1.14,2270000.0,0.63,4340.0,28500000.0
Morocco,1999,1.17,2690000.0,0.455,4370.0,28800000.0
Morocco,2000,1.29,3410000.0,5.71,4640.0,29100000.0
Morocco,2001,1.29,3390000.0,2.6,4720.0,29500000.0
Morocco,2002,1.26,3270000.0,5.47,4950.0,29800000.0
Morocco,2003,1.44,3620000.0,4.59,5120.0,30100000.0
Morocco,2004,1.5,3800000.0,1.82,5230.0,30500000.0
Morocco,2005,1.54,3860000.0,7.67,5560.0,30800000.0
Morocco,2006,1.61,3230000.0,2.61,5690.0,31200000.0
Morocco,2007,1.68,3660000.0,5.49,5960.0,31500000.0
Morocco,2008,1.65,2710000.0,4.67,6130.0,31900000.0
Morocco,2009,1.74,2790000.0,3.57,6280.0,32299999.0
Morocco,2010,1.73,2980000.0,4.93,6530.0,32799999.0
Mexico,1991,3.82,3300000.0,3.58,15600.0,87100000.0
Mexico,1992,3.82,3720000.0,1.92,15600.0,88600000.0
Mexico,1993,3.9,4500000.0,4.47,16100.0,90200000.0
Mexico,1994,3.62,5010000.0,6.4,14900.0,91700000.0
Mexico,1995,3.72,5740000.0,5.36,15600.0,93100000.0
Mexico,1996,3.9,5750000.0,7.09,16400.0,94600000.0
Mexico,1997,4.05,5880000.0,5.19,17000.0,96100000.0
Mexico,1998,4.01,5980000.0,4.07,17200.0,97500000.0
Mexico,1999,4.01,6550000.0,6.71,17800.0,98900000.0
Mexico,2000,4.1,7190000.0,0.147,17500.0,100000000.0
Mexico,2001,4.05,12000000.0,1.09,17300.0,102000000.0
Mexico,2002,4.25,8880000.0,1.57,17300.0,103000000.0
Mexico,2003,4.2,9090000.0,4.42,17700.0,105000000.0
Mexico,2004,4.38,11500000.0,3.05,17800.0,106000000.0
Mexico,2005,4.43,12300000.0,5.05,18400.0,108000000.0
Mexico,2006,4.4,11300000.0,2.88,18500.0,109000000.0
Mexico,2007,4.45,10100000.0,0.833,18500.0,111000000.0
Mexico,2008,4.24,10300000.0,6.33,17200.0,112000000.0
Mexico,2009,4.07,12700000.0,5.03,17800.0,114000000.0
Mexico,2010,4.19,14700000.0,3.86,18200.0,116000000.0
North Macedonia,1991,5.55,1330000.0,6.56,10000.0,1990000.0
North Macedonia,1992,5.13,1330000.0,7.48,9320.0,1980000.0
North Macedonia,1993,5.2,1390000.0,1.75,9160.0,1980000.0
North Macedonia,1994,5.39,1430000.0,1.12,9050.0,1980000.0
North Macedonia,1995,5.9,1380000.0,1.17,9130.0,1990000.0
North Macedonia,1996,5.32,1290000.0,1.44,9220.0,2000000.0
North Macedonia,1997,6.27,1670000.0,3.37,9470.0,2009999.0
North Macedonia,1998,5.79,1460000.0,4.35,9820.0,2020000.0
North Macedonia,1999,5.93,1340000.0,4.56,10200.0,2029999.0
North Macedonia,2000,5.87,1480000.0,4.52,9860.0,2040000.0
North Macedonia,2001,5.34,1280000.0,0.889,9980.0,2049999.0
North Macedonia,2002,5.51,1480000.0,2.85,10200.0,2049999.0
North Macedonia,2003,5.44,1410000.0,4.15,10600.0,2060000.0
North Macedonia,2004,5.47,1460000.0,4.19,11100.0,2060000.0
North Macedonia,2005,5.3,1420000.0,5.08,11700.0,2060000.0
North Macedonia,2006,4.6,1450000.0,6.14,12400.0,2069999.0
North Macedonia,2007,4.55,1490000.0,5.06,13100.0,2069999.0
North Macedonia,2008,4.2,1340000.0,0.914,13000.0,2069999.0
North Macedonia,2009,4.15,1290000.0,2.86,13500.0,2069999.0
North Macedonia,2010,4.49,1480000.0,2.8,13800.0,2069999.0
Malaysia,1991,3.92,1640000.0,9.25,11700.0,19000000.0
Malaysia,1992,4.66,1370000.0,10.2,12500.0,19500000.0
Malaysia,1993,4.66,1520000.0,9.48,13300.0,20000000.0
Malaysia,1994,5.86,1670000.0,10.2,14300.0,20500000.0
Malaysia,1995,5.9,1680000.0,10.4,15300.0,21000000.0
Malaysia,1996,5.74,1620000.0,7.7,16000.0,21600000.0
Malaysia,1997,5.17,1730000.0,7.04,14400.0,22100000.0
Malaysia,1998,4.78,1940000.0,6.48,15000.0,22700000.0
Malaysia,1999,5.46,2480000.0,8.91,15900.0,23200000.0
Malaysia,2000,5.7,2970000.0,0.667,15700.0,23700000.0
Malaysia,2001,5.64,3640000.0,4.47,16200.0,24200000.0
Malaysia,2002,6.37,5310000.0,6.13,16800.0,24700000.0
Malaysia,2003,6.82,6630000.0,7.15,17500.0,25200000.0
Malaysia,2004,7.08,6880000.0,5.17,18100.0,25700000.0
Malaysia,2005,6.83,7290000.0,6.13,18800.0,26200000.0
Malaysia,2006,6.85,8840000.0,6.75,19500.0,26700000.0
Malaysia,2007,7.44,9780000.0,5.21,20100.0,27200000.0
Malaysia,2008,7.11,10600000.0,1.84,19400.0,27700000.0
Malaysia,2009,7.68,14800000.0,6.96,20500.0,28200000.0
Malaysia,2010,7.6,14800000.0,5.39,21300.0,28700000.0
Netherlands,1991,11.3,8029999.0,2.03,37500.0,15200000.0
Netherlands,1992,11.2,8100000.0,1.69,37700.0,15300000.0
Netherlands,1993,11.2,8620000.0,3.38,38600.0,15400000.0
Netherlands,1994,11.2,8910000.0,3.6,39600.0,15500000.0
Netherlands,1995,11.7,8600000.0,3.99,40800.0,15600000.0
Netherlands,1996,11.2,8359999.0,4.64,42400.0,15700000.0
Netherlands,1997,11.2,8530000.0,4.21,44100.0,15700000.0
Netherlands,1998,10.8,7480000.0,4.91,46000.0,15800000.0
Netherlands,1999,10.8,7760000.0,4.04,47600.0,15900000.0
Netherlands,2000,11.1,8260000.0,2.04,48300.0,16000000.0
Netherlands,2001,11.0,8310000.0,0.352,48100.0,16100000.0
Netherlands,2002,11.1,8600000.0,0.715,48000.0,16200000.0
Netherlands,2003,11.1,8480000.0,2.73,48700.0,16300000.0
Netherlands,2004,10.9,8100000.0,2.09,49600.0,16399999.0
Netherlands,2005,10.5,7710000.0,3.69,51300.0,16399999.0
Netherlands,2006,10.5,8410000.0,4.11,53100.0,16500000.0
Netherlands,2007,10.6,7950000.0,1.78,54000.0,16600000.0
Netherlands,2008,10.2,7500000.0,3.83,51800.0,16600000.0
Netherlands,2009,10.9,7550000.0,1.44,52200.0,16700000.0
Netherlands,2010,10.1,7440000.0,0.833,52800.0,16700000.0
Norway,1991,8.1,726000.0,3.45,44700.0,4290000.0
Norway,1992,8.4,785000.0,2.88,45700.0,4320000.0
Norway,1993,8.78,885000.0,5.46,47700.0,4340000.0
Norway,1994,8.87,966000.0,4.62,49400.0,4370000.0
Norway,1995,9.53,960000.0,5.55,51600.0,4390000.0
Norway,1996,9.49,953000.0,5.45,54100.0,4420000.0
Norway,1997,9.5,1030000.0,2.35,55200.0,4450000.0
Norway,1998,9.61,969000.0,2.18,55900.0,4470000.0
Norway,1999,9.46,993000.0,3.36,57300.0,4500000.0
Norway,2000,9.71,885000.0,2.17,58200.0,4520000.0
Norway,2001,9.46,767000.0,1.72,58700.0,4550000.0
Norway,2002,9.71,749000.0,1.27,58900.0,4570000.0
Norway,2003,9.72,846000.0,4.26,60900.0,4600000.0
Norway,2004,9.5,722000.0,3.32,62100.0,4630000.0
Norway,2005,9.53,620000.0,2.41,63000.0,4670000.0
Norway,2006,9.81,681000.0,2.73,64300.0,4720000.0
Norway,2007,9.52,702000.0,0.152,63800.0,4770000.0
Norway,2008,9.1,559000.0,1.37,61900.0,4830000.0
Norway,2009,9.47,762000.0,0.101,61500.0,4890000.0
Norway,2010,9.2,846000.0,0.882,61400.0,4950000.0
New Zealand,1991,8.03,1260000.0,1.56,26500.0,3500000.0
New Zealand,1992,7.78,1240000.0,7.15,27900.0,3560000.0
New Zealand,1993,7.7,1170000.0,5.75,28900.0,3620000.0
New Zealand,1994,7.63,1170000.0,4.17,29900.0,3670000.0
New Zealand,1995,7.89,1160000.0,3.12,30500.0,3720000.0
New Zealand,1996,8.35,1250000.0,0.87,30700.0,3750000.0
New Zealand,1997,7.91,1140000.0,0.00028,30700.0,3780000.0
New Zealand,1998,8.25,1170000.0,4.83,32200.0,3820000.0
New Zealand,1999,8.38,1110000.0,2.03,32900.0,3860000.0
New Zealand,2000,8.83,1370000.0,3.72,33800.0,3910000.0
New Zealand,2001,8.75,1370000.0,4.86,34800.0,3960000.0
New Zealand,2002,9.05,1980000.0,3.84,35700.0,4019999.0
New Zealand,2003,8.82,2040000.0,4.06,36600.0,4080000.0
New Zealand,2004,9.1,2270000.0,2.24,37400.0,4139999.0
New Zealand,2005,8.96,2240000.0,3.06,38000.0,4190000.0
New Zealand,2006,8.65,1700000.0,3.6,38800.0,4230000.0
New Zealand,2007,8.79,2100000.0,0.685,38000.0,4280000.0
New Zealand,2008,8.05,1620000.0,1.73,37600.0,4320000.0
New Zealand,2009,8.01,1380000.0,1.63,37800.0,4370000.0
New Zealand,2010,7.77,1400000.0,1.68,38400.0,4420000.0
Oman,1991,6.0,0.0,8.95,27900.0,1980000.0
Oman,1992,6.39,0.0,6.3,28300.0,2069999.0
Oman,1993,7.01,11.9,3.61,28400.0,2150000.0
Oman,1994,7.14,6.45,3.56,29000.0,2200000.0
Oman,1995,6.66,4.06,0.58,29500.0,2240000.0
Oman,1996,6.78,33.4,2.92,31100.0,2250000.0
Oman,1997,7.24,48.0,0.947,31900.0,2250000.0
Oman,1998,9.12,5.73,3.75,31900.0,2250000.0
Oman,1999,9.5,250.0,2.13,33800.0,2270000.0
Oman,2000,8.77,141.0,4.55,34900.0,2290000.0
Oman,2001,10.8,336.0,0.176,34000.0,2330000.0
Oman,2002,13.4,0.0,0.0153,32400.0,2390000.0
Oman,2003,11.3,798.0,3.76,32000.0,2450000.0
Oman,2004,11.7,314.0,4.53,31900.0,2510000.0
Oman,2005,15.1,3080.0,6.07,32700.0,2580000.0
Oman,2006,16.4,702.0,7.49,33200.0,2660000.0
Oman,2007,15.3,1200.0,14.0,34700.0,2750000.0
Oman,2008,14.1,1400.0,2.62,35200.0,2880000.0
Oman,2009,15.4,29600.0,24.0,33900.0,3040000.0
Oman,2010,16.4,10200.0,10.1,32500.0,3250000.0
Pakistan,1991,0.633,2100000.0,7.93,3120.0,114000000.0
Pakistan,1992,0.66,2210000.0,2.3,3090.0,117000000.0
Pakistan,1993,0.6990000000000001,2190000.0,3.84,3120.0,120000000.0
Pakistan,1994,0.6759999999999999,2210000.0,5.01,3180.0,124000000.0
Pakistan,1995,0.735,2240000.0,4.82,3240.0,127000000.0
Pakistan,1996,0.716,2089999.0,1.12,3180.0,131000000.0
Pakistan,1997,0.718,2100000.0,2.66,3170.0,135000000.0
Pakistan,1998,0.718,2100000.0,3.68,3200.0,139000000.0
Pakistan,1999,0.741,2029999.0,2.97,3250.0,142000000.0
Pakistan,2000,0.7340000000000001,2100000.0,1.24,3280.0,146000000.0
Pakistan,2001,0.7559999999999999,2360000.0,3.11,3280.0,150000000.0
Pakistan,2002,0.768,3000000.0,4.74,3390.0,153000000.0
Pakistan,2003,0.83,3350000.0,7.31,3560.0,157000000.0
Pakistan,2004,0.841,3720000.0,7.45,3710.0,160000000.0
Pakistan,2005,0.877,3970000.0,5.76,3840.0,164000000.0
Pakistan,2006,0.929,5430000.0,6.83,3930.0,168000000.0
Pakistan,2007,0.9059999999999999,5990000.0,3.74,3910.0,172000000.0
Pakistan,2008,0.885,4930000.0,0.864,3930.0,176000000.0
Pakistan,2009,0.925,4630000.0,2.77,3910.0,179000000.0
Pakistan,2010,0.917,3990000.0,2.77,3930.0,183000000.0
Peru,1991,0.885,275000.0,1.05,5130.0,23000000.0
Peru,1992,1.0,289000.0,5.49,5300.0,23400000.0
Peru,1993,0.97,356000.0,13.3,5840.0,23900000.0
Peru,1994,0.975,374000.0,8.38,6150.0,24300000.0
Peru,1995,0.978,392000.0,2.15,6210.0,24800000.0
Peru,1996,1.08,408000.0,8.5,6490.0,25200000.0
Peru,1997,1.08,447000.0,0.0493,6350.0,25700000.0
Peru,1998,1.12,405000.0,0.873,6350.0,26100000.0
Peru,1999,1.14,630000.0,3.05,6420.0,26500000.0
Peru,2000,1.01,571000.0,0.0775,6380.0,26800000.0
Peru,2001,0.995,782000.0,4.78,6650.0,27100000.0
Peru,2002,0.9540000000000001,840000.0,3.77,6860.0,27400000.0
Peru,2003,1.14,908000.0,2.99,7140.0,27600000.0
Peru,2004,1.32,921000.0,6.17,7520.0,27900000.0
Peru,2005,1.01,784000.0,7.28,8020.0,28100000.0
Peru,2006,1.22,1040000.0,7.81,8630.0,28300000.0
Peru,2007,1.43,923000.0,9.27,9340.0,28600000.0
Peru,2008,1.78,829000.0,0.377,9370.0,28800000.0
Peru,2009,1.97,813000.0,8.3,10100.0,29000000.0
Peru,2010,1.67,818000.0,6.45,10600.0,29300000.0
Philippines,1991,0.743,1200000.0,0.602,4020.0,65000000.0
Philippines,1992,0.735,1220000.0,2.35,4010.0,66599999.0
Philippines,1993,0.794,1170000.0,4.53,4090.0,68200000.0
Philippines,1994,0.86,1410000.0,4.7,4180.0,69800000.0
Philippines,1995,0.8590000000000001,1970000.0,5.75,4320.0,71400000.0
Philippines,1996,0.96,2440000.0,5.23,4450.0,73000000.0
Philippines,1997,0.915,2470000.0,0.46,4320.0,74700000.0
Philippines,1998,0.894,2890000.0,3.57,4360.0,76300000.0
Philippines,1999,0.9279999999999999,4010000.0,6.08,4450.0,78000000.0
Philippines,2000,0.883,4099999.0,1.84,4490.0,79700000.0
Philippines,2001,0.863,3570000.0,4.46,4560.0,81400000.0
Philippines,2002,0.846,3720000.0,5.01,4700.0,83100000.0
Philippines,2003,0.86,4040000.0,6.48,4910.0,84700000.0
Philippines,2004,0.8490000000000001,4590000.0,4.95,5050.0,86300000.0
Philippines,2005,0.758,5020000.0,5.07,5230.0,87900000.0
Philippines,2006,0.792,5400000.0,6.37,5480.0,89400000.0
Philippines,2007,0.851,6350000.0,3.84,5620.0,90900000.0
Philippines,2008,0.828,6060000.0,2.3,5610.0,92400000.0
Philippines,2009,0.883,7020000.0,7.57,5920.0,94000000.0
Philippines,2010,0.877,7730000.0,3.89,6040.0,95600000.0
Poland,1991,9.55,75100000.0,2.43,10700.0,38200000.0
Poland,1992,9.54,74200000.0,3.66,11100.0,38300000.0
Poland,1993,9.4,69100000.0,5.21,11700.0,38400000.0
Poland,1994,9.43,70300000.0,6.88,12500.0,38500000.0
Poland,1995,9.78,72000000.0,5.94,13300.0,38500000.0
Poland,1996,9.55,70200000.0,6.7,14100.0,38500000.0
Poland,1997,8.79,63300000.0,5.42,14700.0,38600000.0
Poland,1998,8.53,60700000.0,4.51,15400.0,38600000.0
Poland,1999,8.26,56200000.0,4.12,16300.0,38600000.0
Poland,2000,8.17,55600000.0,1.15,16500.0,38500000.0
Poland,2001,7.97,54500000.0,1.4,16900.0,38500000.0
Poland,2002,8.32,56100000.0,3.83,17500.0,38400000.0
Poland,2003,8.43,54500000.0,5.34,18300.0,38400000.0
Poland,2004,8.41,55100000.0,3.22,19000.0,38400000.0
Poland,2005,8.76,57400000.0,6.29,20200.0,38400000.0
Poland,2006,8.76,55900000.0,6.93,21600.0,38400000.0
Poland,2007,8.58,55200000.0,5.23,22500.0,38400000.0
Poland,2008,8.23,51800000.0,1.66,23100.0,38400000.0
Poland,2009,8.71,55100000.0,3.86,24100.0,38300000.0
Poland,2010,8.7,55000000.0,3.4,25200.0,38300000.0
Portugal,1991,5.18,3020000.0,1.36,25000.0,9950000.0
Portugal,1992,5.02,3290000.0,1.99,24500.0,10000000.0
Portugal,1993,5.07,3430000.0,0.856,24600.0,10000000.0
Portugal,1994,5.44,4200000.0,4.38,25600.0,10100000.0
Portugal,1995,5.15,3920000.0,3.73,26400.0,10100000.0
Portugal,1996,5.43,3570000.0,4.03,27400.0,10200000.0
Portugal,1997,5.85,3560000.0,4.54,28600.0,10200000.0
Portugal,1998,6.57,3700000.0,3.63,29600.0,10300000.0
Portugal,1999,6.43,3710000.0,3.85,30500.0,10300000.0
Portugal,2000,6.36,3170000.0,1.93,30900.0,10300000.0
Portugal,2001,6.71,3500000.0,0.752,30900.0,10400000.0
Portugal,2002,6.19,3350000.0,0.814,30500.0,10400000.0
Portugal,2003,6.43,3310000.0,1.48,31000.0,10500000.0
Portugal,2004,6.62,3340000.0,0.676,31200.0,10500000.0
Portugal,2005,6.15,3300000.0,1.39,31600.0,10500000.0
Portugal,2006,5.9,2880000.0,2.37,32400.0,10600000.0
Portugal,2007,5.67,2520000.0,0.0675,32400.0,10600000.0
Portugal,2008,5.39,2860000.0,2.79,31400.0,10600000.0
Portugal,2009,5.0,1650000.0,2.01,31900.0,10600000.0
Portugal,2010,4.9,2220000.0,0.813,31400.0,10600000.0
Qatar,1991,54.5,0.0,8.27,63400.0,495000.0
Qatar,1992,61.8,0.0,1.98,61300.0,501000.0
Qatar,1993,60.6,0.0,1.03,61000.0,507000.0
Qatar,1994,61.8,0.0,1.92,61200.0,513000.0
Qatar,1995,61.7,0.0,4.57,62300.0,523000.0
Qatar,1996,69.9,0.0,30.0,78400.0,535000.0
Qatar,1997,58.6,0.0,12.5,83900.0,552000.0
Qatar,1998,54.9,0.0,4.64,83900.0,570000.0
Qatar,1999,58.4,0.0,8.29,86600.0,592000.0
Qatar,2000,67.1,0.0,0.992,86600.0,615000.0
Qatar,2001,63.6,0.0,3.93,89100.0,641000.0
Qatar,2002,60.6,0.0,2.41,86900.0,682000.0
Qatar,2003,56.7,0.0,25.8,93700.0,753000.0
Qatar,2004,58.6,0.0,16.9,87700.0,865000.0
Qatar,2005,61.8,0.0,28.2,93700.0,1020000.0
Qatar,2006,51.7,0.0,20.7,92800.0,1220000.0
Qatar,2007,44.8,0.0,18.0,92600.0,1440000.0
Qatar,2008,41.5,0.0,13.3,90000.0,1650000.0
Qatar,2009,38.8,0.0,23.9,95900.0,1860000.0
Qatar,2010,39.2,0.0,15.5,99100.0,2040000.0
Romania,1991,5.6,10300000.0,9.05,10800.0,23400000.0
Romania,1992,5.29,10200000.0,1.06,11000.0,23300000.0
Romania,1993,5.28,10200000.0,3.41,11400.0,23100000.0
Romania,1994,5.53,10600000.0,6.71,12200.0,23000000.0
Romania,1995,5.71,10600000.0,3.68,12700.0,22800000.0
Romania,1996,5.44,9590000.0,6.25,12100.0,22600000.0
Romania,1997,4.79,8090000.0,5.0,11900.0,22500000.0
Romania,1998,4.07,7030000.0,1.44,11800.0,22300000.0
Romania,1999,4.31,7350000.0,1.81,12100.0,22100000.0
Romania,2000,4.57,7610000.0,5.38,13000.0,22000000.0
Romania,2001,4.66,8189999.0,4.69,14000.0,21900000.0
Romania,2002,4.85,9170000.0,4.61,14400.0,21700000.0
Romania,2003,4.83,9010000.0,8.22,16000.0,21600000.0
Romania,2004,4.8,8600000.0,3.87,16800.0,21400000.0
Romania,2005,4.95,9740000.0,7.71,18300.0,21200000.0
Romania,2006,5.09,9820000.0,6.14,19900.0,21000000.0
Romania,2007,5.05,9450000.0,7.25,22100.0,20800000.0
Romania,2008,4.25,7530000.0,6.66,21100.0,20600000.0
Romania,2009,4.11,7040000.0,1.21,20400.0,20500000.0
Romania,2010,4.42,8210000.0,2.22,20900.0,20300000.0
Russia,1991,13.2,157000000.0,14.4,17400.0,148000000.0
Russia,1992,12.5,142000000.0,8.66,15900.0,148000000.0
Russia,1993,11.1,124000000.0,12.8,13900.0,148000000.0
Russia,1994,10.9,119000000.0,4.24,13300.0,148000000.0
Russia,1995,10.7,117000000.0,3.64,12900.0,148000000.0
Russia,1996,9.99,108000000.0,1.35,13100.0,148000000.0
Russia,1997,9.9,101000000.0,5.39,12400.0,147000000.0
Russia,1998,10.1,102000000.0,6.4,13200.0,147000000.0
Russia,1999,10.1,106000000.0,10.1,14600.0,146000000.0
Russia,2000,10.3,103000000.0,5.19,15400.0,146000000.0
Russia,2001,10.3,104000000.0,4.83,16200.0,145000000.0
Russia,2002,10.6,104000000.0,7.46,17500.0,145000000.0
Russia,2003,10.6,99900000.0,7.37,18800.0,144000000.0
Russia,2004,10.8,94600000.0,6.6,20100.0,144000000.0
Russia,2005,11.2,97000000.0,8.36,21800.0,143000000.0
Russia,2006,11.2,93900000.0,8.68,23700.0,143000000.0
Russia,2007,11.4,101000000.0,5.15,25000.0,143000000.0
Russia,2008,10.7,92200000.0,7.8,23000.0,143000000.0
Russia,2009,11.3,90500000.0,4.28,24000.0,143000000.0
Russia,2010,11.6,94000000.0,4.57,25000.0,144000000.0
Saudi Arabia,1991,16.5,0.0,2.0,20600.0,17300000.0
Saudi Arabia,1992,17.7,0.0,4.05,20800.0,17800000.0
Saudi Arabia,1993,16.9,0.0,2.66,21500.0,18200000.0
Saudi Arabia,1994,12.6,0.0,1.87,22100.0,18600000.0
Saudi Arabia,1995,13.6,0.0,0.281,23300.0,19000000.0
Saudi Arabia,1996,11.1,0.0,0.342,24300.0,19400000.0
Saudi Arabia,1997,10.5,0.0,0.095,25700.0,19800000.0
Saudi Arabia,1998,11.2,0.0,1.92,25400.0,20200000.0
Saudi Arabia,1999,14.4,0.0,4.29,27500.0,20700000.0
Saudi Arabia,2000,14.0,7890.0,0.733,27800.0,21200000.0
Saudi Arabia,2001,14.9,12400.0,1.05,27700.0,21800000.0
Saudi Arabia,2002,14.6,15800.0,9.15,31500.0,22500000.0
Saudi Arabia,2003,17.1,14100.0,6.73,34800.0,23100000.0
Saudi Arabia,2004,16.6,28000.0,7.3,37600.0,23800000.0
Saudi Arabia,2005,17.6,19800.0,5.33,39700.0,24500000.0
Saudi Arabia,2006,15.4,55500.0,5.42,41500.0,25200000.0
Saudi Arabia,2007,16.7,64200.0,7.59,45300.0,25900000.0
Saudi Arabia,2008,17.5,23500.0,0.913,44400.0,26600000.0
Saudi Arabia,2009,18.9,67600.0,6.39,44000.0,27400000.0
Saudi Arabia,2010,17.6,64099.0,7.83,47000.0,28300000.0
Singapore,1991,15.1,18500.0,6.32,40100.0,3200000.0
Singapore,1992,15.4,20500.0,12.5,43600.0,3310000.0
Singapore,1993,18.0,24500.0,11.6,46900.0,3420000.0
Singapore,1994,11.9,11500.0,8.07,48800.0,3530000.0
Singapore,1995,13.6,284.0,6.53,50300.0,3640000.0
Singapore,1996,15.5,0.0,7.72,52700.0,3750000.0
Singapore,1997,12.5,0.0,2.43,49800.0,3860000.0
Singapore,1998,12.6,0.0,8.82,52300.0,3950000.0
Singapore,1999,12.1,0.0,10.5,56000.0,4030000.0
Singapore,2000,12.1,0.0,3.73,53900.0,4080000.0
Singapore,2001,11.5,6730.0,4.51,55500.0,4099999.0
Singapore,2002,7.54,8760.0,4.15,58900.0,4130000.0
Singapore,2003,6.82,6920.0,9.44,63900.0,4179999.0
Singapore,2004,7.12,8400.0,6.88,67000.0,4270000.0
Singapore,2005,7.0,5000.0,7.71,70800.0,4400000.0
Singapore,2006,4.35,8100.0,7.47,74000.0,4580000.0
Singapore,2007,7.57,4900.0,2.76,71500.0,4780000.0
Singapore,2008,11.8,4000.0,1.01,69500.0,4970000.0
Singapore,2009,11.4,7800.0,15.6,78200.0,5130000.0
Singapore,2010,8.88,6400.0,4.66,81400.0,5260000.0
Slovak Republic,1991,9.2,6200000.0,6.63,11700.0,5330000.0
Slovak Republic,1992,8.69,6120000.0,1.85,11900.0,5350000.0
Slovak Republic,1993,8.18,5460000.0,6.17,12600.0,5360000.0
Slovak Republic,1994,8.24,5440000.0,5.83,13300.0,5380000.0
Slovak Republic,1995,8.2,5360000.0,6.95,14100.0,5380000.0
Slovak Republic,1996,8.22,5030000.0,5.78,15000.0,5390000.0
Slovak Republic,1997,8.16,4580000.0,3.74,15500.0,5400000.0
Slovak Republic,1998,8.0,4550000.0,0.379,15500.0,5400000.0
Slovak Republic,1999,7.64,4280000.0,0.771,15700.0,5400000.0
Slovak Republic,2000,8.03,4420000.0,3.27,16300.0,5400000.0
Slovak Republic,2001,7.79,4280000.0,4.14,17000.0,5400000.0
Slovak Republic,2002,7.85,4640000.0,4.19,17900.0,5400000.0
Slovak Republic,2003,7.95,4550000.0,5.46,18900.0,5400000.0
Slovak Republic,2004,7.94,4220000.0,6.11,20100.0,5400000.0
Slovak Republic,2005,7.9,4400000.0,8.28,21800.0,5400000.0
Slovak Republic,2006,7.6,3940000.0,10.6,24200.0,5400000.0
Slovak Republic,2007,7.67,3930000.0,5.87,25500.0,5400000.0
Slovak Republic,2008,6.98,3830000.0,4.99,24100.0,5400000.0
Slovak Republic,2009,7.13,3850000.0,4.34,25500.0,5400000.0
Slovak Republic,2010,7.04,3650000.0,3.15,26200.0,5410000.0
Slovenia,1991,6.99,1500000.0,5.45,19000.0,2009999.0
Slovenia,1992,7.16,1430000.0,2.87,19600.0,2000000.0
Slovenia,1993,7.34,1330000.0,5.35,20700.0,2000000.0
Slovenia,1994,7.67,1380000.0,4.12,21600.0,1990000.0
Slovenia,1995,8.01,1270000.0,3.65,22300.0,1990000.0
Slovenia,1996,8.18,1410000.0,4.92,23400.0,1990000.0
Slovenia,1997,8.04,1430000.0,3.6,24200.0,1990000.0
Slovenia,1998,7.72,1310000.0,5.32,25500.0,1990000.0
Slovenia,1999,7.78,1360000.0,4.1,26400.0,1990000.0
Slovenia,2000,8.25,1440000.0,3.08,27200.0,1990000.0
Slovenia,2001,8.32,1570000.0,3.62,28100.0,1990000.0
Slovenia,2002,8.2,1490000.0,2.79,28900.0,1990000.0
Slovenia,2003,8.37,1510000.0,4.47,30100.0,1990000.0
Slovenia,2004,8.5,1520000.0,4.24,31200.0,1990000.0
Slovenia,2005,8.57,1550000.0,5.8,32900.0,2000000.0
Slovenia,2006,8.59,1570000.0,6.88,35000.0,2009999.0
Slovenia,2007,9.01,1520000.0,3.69,36200.0,2020000.0
Slovenia,2008,8.03,1410000.0,8.58,33200.0,2029999.0
Slovenia,2009,8.02,1440000.0,0.797,33500.0,2040000.0
Slovenia,2010,7.98,1460000.0,0.706,33700.0,2049999.0
Sweden,1991,6.61,2690000.0,0.663,33100.0,8690000.0
Sweden,1992,6.56,2740000.0,1.67,32200.0,8750000.0
Sweden,1993,6.8,2780000.0,4.12,33200.0,8800000.0
Sweden,1994,6.7,2780000.0,4.99,34300.0,8840000.0
Sweden,1995,7.13,3080000.0,1.59,34800.0,8860000.0
Sweden,1996,6.55,2630000.0,2.59,35900.0,8870000.0
Sweden,1997,6.62,2650000.0,3.08,37400.0,8870000.0
Sweden,1998,6.3,2530000.0,3.74,39000.0,8870000.0
Sweden,1999,6.16,2570000.0,5.0,40800.0,8880000.0
Sweden,2000,6.26,2780000.0,1.12,41200.0,8900000.0
Sweden,2001,6.35,2990000.0,2.16,42000.0,8920000.0
Sweden,2002,6.39,2930000.0,2.15,42800.0,8950000.0
Sweden,2003,6.28,3010000.0,4.4,44500.0,8990000.0
Sweden,2004,5.96,2750000.0,3.33,45600.0,9040000.0
Sweden,2005,5.9,3040000.0,4.51,47400.0,9100000.0
Sweden,2006,5.76,2830000.0,3.45,48700.0,9160000.0
Sweden,2007,5.49,2830000.0,0.739,48100.0,9240000.0
Sweden,2008,5.06,2000000.0,5.08,45600.0,9310000.0
Sweden,2009,5.63,2750000.0,6.19,47900.0,9390000.0
Sweden,2010,5.17,2460000.0,3.7,49100.0,9470000.0
Thailand,1991,1.87,4890000.0,7.63,8160.0,57800000.0
Thailand,1992,2.08,5440000.0,7.82,8750.0,58300000.0
Thailand,1993,2.29,6300000.0,8.47,9370.0,58900000.0
Thailand,1994,2.64,7180000.0,8.81,10000.0,59500000.0
Thailand,1995,2.89,8740000.0,5.72,10500.0,60100000.0
Thailand,1996,2.95,9010000.0,1.38,10100.0,60800000.0
Thailand,1997,2.59,7230000.0,10.4,9190.0,61600000.0
Thailand,1998,2.67,7690000.0,4.77,9500.0,62300000.0
Thailand,1999,2.71,7880000.0,5.2,9820.0,63000000.0
Thailand,2000,2.87,8780000.0,2.59,10100.0,63500000.0
Thailand,2001,3.0,9370000.0,5.76,10600.0,64099999.0
Thailand,2002,3.15,9570000.0,7.28,11300.0,64500000.0
Thailand,2003,3.36,10700000.0,6.65,11900.0,65000000.0
Thailand,2004,3.43,11600000.0,4.76,12300.0,65400000.0
Thailand,2005,3.46,12400000.0,5.31,12900.0,65800000.0
Thailand,2006,3.49,13900000.0,5.5,13500.0,66200000.0
Thailand,2007,3.43,15000000.0,2.63,13600.0,66500000.0
Thailand,2008,3.64,15000000.0,1.91,13500.0,66900000.0
Thailand,2009,3.82,15400000.0,7.86,14400.0,67200000.0
Thailand,2010,3.76,15700000.0,0.34,14500.0,67500000.0
Turkmenistan,1991,8.21,138000.0,14.5,5520.0,3900000.0
Turkmenistan,1992,6.87,0.0,2.11,5450.0,4010000.0
Turkmenistan,1993,8.13,5000.0,16.9,4390.0,4120000.0
Turkmenistan,1994,8.07,5000.0,7.03,3990.0,4210000.0
Turkmenistan,1995,7.14,46000.0,6.59,4180.0,4290000.0
Turkmenistan,1996,7.02,0.0,11.7,3640.0,4360000.0
Turkmenistan,1997,7.26,0.0,6.49,3850.0,4410000.0
Turkmenistan,1998,8.43,0.0,15.7,4430.0,4470000.0
Turkmenistan,1999,8.3,0.0,5.34,4620.0,4520000.0
Turkmenistan,2000,8.33,0.0,3.32,4770.0,4560000.0
Turkmenistan,2001,8.66,0.0,1.0,4740.0,4610000.0
Turkmenistan,2002,9.57,0.0,5.95,4840.0,4660000.0
Turkmenistan,2003,9.88,0.0,13.8,5030.0,4700000.0
Turkmenistan,2004,10.2,0.0,8.21,5630.0,4750000.0
Turkmenistan,2005,10.3,0.0,10.5,6180.0,4810000.0
Turkmenistan,2006,11.5,0.0,10.6,6770.0,4870000.0
Turkmenistan,2007,11.5,0.0,14.3,7670.0,4940000.0
Turkmenistan,2008,10.0,0.0,5.76,8020.0,5010000.0
Turkmenistan,2009,11.2,0.0,8.79,8620.0,5090000.0
Turkmenistan,2010,12.0,0.0,14.3,9720.0,5170000.0
Trinidad and Tobago,1991,15.5,0.0,0.401,11300.0,1240000.0
Trinidad and Tobago,1992,14.4,0.0,0.375,11200.0,1240000.0
Trinidad and Tobago,1993,13.9,0.0,5.78,11500.0,1250000.0
Trinidad and Tobago,1994,13.5,0.0,5.45,11900.0,1250000.0
Trinidad and Tobago,1995,16.3,0.0,5.3,12700.0,1260000.0
Trinidad and Tobago,1996,14.6,0.0,4.6,13700.0,1260000.0
Trinidad and Tobago,1997,15.1,0.0,5.92,14700.0,1260000.0
Trinidad and Tobago,1998,17.8,0.0,7.82,15900.0,1260000.0
Trinidad and Tobago,1999,18.8,0.0,5.9,17000.0,1270000.0
Trinidad and Tobago,2000,20.7,0.0,5.39,17600.0,1270000.0
Trinidad and Tobago,2001,22.4,0.0,4.36,18900.0,1280000.0
Trinidad and Tobago,2002,24.9,0.0,14.1,21500.0,1280000.0
Trinidad and Tobago,2003,25.9,0.0,7.65,23100.0,1290000.0
Trinidad and Tobago,2004,29.4,0.0,10.2,24500.0,1300000.0
Trinidad and Tobago,2005,32.7,0.0,13.3,27600.0,1300000.0
Trinidad and Tobago,2006,34.7,0.0,4.75,28700.0,1310000.0
Trinidad and Tobago,2007,33.7,0.0,3.38,29600.0,1310000.0
Trinidad and Tobago,2008,33.9,0.0,4.12,28100.0,1320000.0
Trinidad and Tobago,2009,36.0,0.0,0.014,28900.0,1330000.0
Trinidad and Tobago,2010,35.1,0.0,2.65,28700.0,1340000.0
Turkey,1991,2.94,17100000.0,5.49,13000.0,55700000.0
Turkey,1992,3.02,15800000.0,7.57,13700.0,56700000.0
Turkey,1993,2.91,15800000.0,5.82,12900.0,57600000.0
Turkey,1994,3.1,16500000.0,6.85,13700.0,58500000.0
Turkey,1995,3.36,18600000.0,6.72,14500.0,59400000.0
Turkey,1996,3.51,20800000.0,7.28,15300.0,60400000.0
Turkey,1997,3.46,21600000.0,2.86,15400.0,61300000.0
Turkey,1998,3.34,20000000.0,4.88,14700.0,62300000.0
Turkey,1999,3.64,22500000.0,7.17,15500.0,63200000.0
Turkey,2000,3.33,18500000.0,7.66,14400.0,64200000.0
Turkey,2001,3.39,19300000.0,7.7,15100.0,65099999.0
Turkey,2002,3.58,20800000.0,5.66,15700.0,66099999.0
Turkey,2003,3.65,22100000.0,8.76,17000.0,67000000.0
Turkey,2004,3.89,22200000.0,7.26,18300.0,67900000.0
Turkey,2005,4.1,26200000.0,7.04,19300.0,68800000.0
Turkey,2006,4.5,29500000.0,4.84,20100.0,69600000.0
Turkey,2007,4.4,29600000.0,0.735,20000.0,70400000.0
Turkey,2008,4.43,30900000.0,4.87,18800.0,71300000.0
Turkey,2009,4.35,31400000.0,9.09,20100.0,72300000.0
Turkey,2010,4.63,33900000.0,8.42,22000.0,73400000.0
Taiwan,1991,6.67,13400000.0,6.51,20800.0,20900000.0
Taiwan,1992,7.24,14900000.0,7.0,22000.0,21000000.0
Taiwan,1993,7.45,15600000.0,7.13,23300.0,21200000.0
Taiwan,1994,7.76,16100000.0,5.64,24500.0,21400000.0
Taiwan,1995,8.09,18200000.0,6.54,25800.0,21500000.0
Taiwan,1996,8.66,20800000.0,6.94,27000.0,21600000.0
Taiwan,1997,9.11,22600000.0,5.08,27800.0,21700000.0
Taiwan,1998,9.41,27500000.0,3.88,29300.0,21800000.0
Taiwan,1999,10.1,27500000.0,4.94,30800.0,22000000.0
Taiwan,2000,10.1,28900000.0,3.12,30100.0,22100000.0
Taiwan,2001,10.6,31400000.0,4.63,31500.0,22300000.0
Taiwan,2002,10.8,33900000.0,2.11,32600.0,22400000.0
Taiwan,2003,11.1,34900000.0,3.79,34500.0,22600000.0
Taiwan,2004,11.3,36100000.0,2.56,36100.0,22700000.0
Taiwan,2005,10.9,37800000.0,2.64,37800.0,22800000.0
Taiwan,2006,11.9,39300000.0,3.27,40000.0,22900000.0
Taiwan,2007,11.3,37600000.0,5.51,40000.0,23000000.0
Taiwan,2008,10.7,36000000.0,0.135,39100.0,23100000.0
Taiwan,2009,11.4,38100000.0,7.35,43000.0,23200000.0
Taiwan,2010,11.5,39900000.0,0.138,44400.0,23300000.0
Ukraine,1991,11.5,72600000.0,10.2,13000.0,51400000.0
Ukraine,1992,9.95,64599999.0,14.4,11100.0,51300000.0
Ukraine,1993,8.2,51600000.0,22.8,8610.0,51100000.0
Ukraine,1994,7.67,51000000.0,12.0,7620.0,50900000.0
Ukraine,1995,6.95,38400000.0,9.85,6920.0,50600000.0
Ukraine,1996,6.79,37400000.0,2.98,6770.0,50200000.0
Ukraine,1997,6.61,38400000.0,2.0,6700.0,49700000.0
Ukraine,1998,6.06,38000000.0,0.287,6750.0,49300000.0
Ukraine,1999,5.85,38500000.0,5.91,7220.0,48800000.0
Ukraine,2000,6.28,37500000.0,9.32,7970.0,48400000.0
Ukraine,2001,6.17,37800000.0,5.28,8470.0,48000000.0
Ukraine,2002,6.46,38800000.0,9.4,9350.0,47600000.0
Ukraine,2003,6.58,36900000.0,12.1,10600.0,47200000.0
Ukraine,2004,6.68,37300000.0,2.62,11000.0,46900000.0
Ukraine,2005,7.14,40100000.0,7.44,11900.0,46600000.0
Ukraine,2006,7.26,42700000.0,7.54,12800.0,46400000.0
Ukraine,2007,7.06,41800000.0,2.26,13200.0,46200000.0
Ukraine,2008,6.04,35900000.0,14.9,11300.0,46000000.0
Ukraine,2009,6.43,38300000.0,3.9,11800.0,45800000.0
Ukraine,2010,6.76,41500000.0,5.0,12500.0,45600000.0
United States,1991,20.2,458000000.0,2.96,40700.0,257000000.0
United States,1992,20.4,475000000.0,2.52,41300.0,260000000.0
United States,1993,20.5,477000000.0,3.9,42400.0,262000000.0
United States,1994,20.5,481000000.0,2.43,43000.0,265000000.0
United States,1995,21.0,503000000.0,3.72,44100.0,268000000.0
United States,1996,21.0,513000000.0,4.46,45600.0,272000000.0
United States,1997,20.9,518000000.0,4.41,47000.0,275000000.0
United States,1998,20.9,518000000.0,4.88,48700.0,279000000.0
United States,1999,21.3,541000000.0,4.16,50200.0,282000000.0
United States,2000,20.7,525000000.0,1.16,50200.0,285000000.0
United States,2001,20.7,524000000.0,1.91,50600.0,287000000.0
United States,2002,20.7,534000000.0,2.66,51600.0,290000000.0
United States,2003,20.9,538000000.0,3.49,53000.0,292000000.0
United States,2004,20.8,546000000.0,3.08,54400.0,295000000.0
United States,2005,20.3,537000000.0,2.61,55400.0,298000000.0
United States,2006,20.4,545000000.0,1.86,55900.0,301000000.0
United States,2007,19.5,536000000.0,0.392,55300.0,303000000.0
United States,2008,17.9,471000000.0,3.48,53400.0,306000000.0
United States,2009,18.5,499000000.0,2.88,54400.0,309000000.0
United States,2010,17.9,471000000.0,1.99,54800.0,312000000.0
Uzbekistan,1991,5.2,1310000.0,11.0,2890.0,21400000.0
Uzbekistan,1992,5.3,1070000.0,2.04,2760.0,21900000.0
Uzbekistan,1993,4.84,1080000.0,4.93,2560.0,22300000.0
Uzbekistan,1994,4.53,892000.0,0.607,2490.0,22800000.0
Uzbekistan,1995,4.57,833000.0,1.94,2490.0,23200000.0
Uzbekistan,1996,4.53,828000.0,5.31,2570.0,23600000.0
Uzbekistan,1997,4.95,830000.0,4.37,2640.0,24000000.0
Uzbekistan,1998,5.01,830000.0,4.2,2720.0,24400000.0
Uzbekistan,1999,4.91,709000.0,3.63,2790.0,24800000.0
Uzbekistan,2000,4.9,770000.0,3.95,2870.0,25100000.0
Uzbekistan,2001,5.03,783000.0,3.49,2940.0,25400000.0
Uzbekistan,2002,4.91,547000.0,3.59,3030.0,25700000.0
Uzbekistan,2003,4.82,765000.0,6.86,3220.0,26100000.0
Uzbekistan,2004,4.43,850000.0,6.22,3410.0,26400000.0
Uzbekistan,2005,4.47,879000.0,7.18,3620.0,26800000.0
Uzbekistan,2006,4.39,923000.0,9.05,3900.0,27200000.0
Uzbekistan,2007,4.47,1010000.0,8.72,4190.0,27600000.0
Uzbekistan,2008,3.8,1030000.0,7.63,4450.0,28100000.0
Uzbekistan,2009,3.64,1020000.0,7.84,4650.0,28500000.0
Uzbekistan,2010,3.9,1090000.0,7.29,4880.0,29000000.0
Venezuela,1991,5.14,3650.0,7.25,17100.0,20600000.0
Venezuela,1992,5.9,28500.0,0.373,16900.0,21000000.0
Venezuela,1993,6.04,55500.0,3.83,16300.0,21500000.0
Venezuela,1994,6.06,5110.0,2.4,16600.0,21900000.0
Venezuela,1995,5.47,16100.0,0.0496,16300.0,22400000.0
Venezuela,1996,5.85,34300.0,6.67,17100.0,22800000.0
Venezuela,1997,7.17,35800.0,0.497,17000.0,23300000.0
Venezuela,1998,7.27,36500.0,5.86,15700.0,23700000.0
Venezuela,1999,6.28,132000.0,4.02,16100.0,24200000.0
Venezuela,2000,6.98,48900.0,3.74,16400.0,24600000.0
Venezuela,2001,7.69,18200.0,8.74,14800.0,25100000.0
Venezuela,2002,7.5,43100.0,7.57,13500.0,25600000.0
Venezuela,2003,5.82,0.0,18.9,15800.0,26000000.0
Venezuela,2004,6.2,37200.0,10.2,17200.0,26400000.0
Venezuela,2005,6.32,247000.0,10.3,18700.0,26900000.0
Venezuela,2006,5.92,139000.0,8.8,20000.0,27200000.0
Venezuela,2007,6.5,141000.0,5.31,20700.0,27600000.0
Venezuela,2008,6.43,237000.0,3.18,19800.0,28000000.0
Venezuela,2009,6.67,199000.0,1.47,19700.0,28400000.0
Venezuela,2010,5.9,205000.0,4.21,20400.0,28900000.0
Vietnam,1991,0.301,2150000.0,8.94,1850.0,70900000.0
Vietnam,1992,0.314,2080000.0,8.27,1960.0,72300000.0
Vietnam,1993,0.354,2300000.0,8.91,2090.0,73700000.0
Vietnam,1994,0.381,3100000.0,9.54,2250.0,74900000.0
Vietnam,1995,0.44799999999999995,3460000.0,9.25,2430.0,76100000.0
Vietnam,1996,0.575,4440000.0,7.99,2590.0,77100000.0
Vietnam,1997,0.596,4770000.0,5.58,2700.0,78100000.0
Vietnam,1998,0.591,3570000.0,4.61,2800.0,79000000.0
Vietnam,1999,0.655,4690000.0,6.65,2960.0,79900000.0
Vietnam,2000,0.738,5120000.0,6.81,3110.0,80700000.0
Vietnam,2001,0.843,5850000.0,7.04,3270.0,81500000.0
Vietnam,2002,0.9279999999999999,6810000.0,7.26,3460.0,82300000.0
Vietnam,2003,1.06,8930000.0,7.82,3690.0,83100000.0
Vietnam,2004,1.13,9350000.0,8.44,3930.0,83800000.0
Vietnam,2005,1.17,5730000.0,8.05,4170.0,84600000.0
Vietnam,2006,1.18,6270000.0,8.37,4420.0,85400000.0
Vietnam,2007,1.31,11900000.0,6.22,4630.0,86200000.0
Vietnam,2008,1.41,11200000.0,5.22,4830.0,87100000.0
Vietnam,2009,1.55,14600000.0,6.67,5090.0,88000000.0
Vietnam,2010,1.63,17300000.0,5.75,5350.0,88900000.0
South Africa,1991,7.8,66400000.0,1.64,9490.0,38700000.0
South Africa,1992,8.1,66599999.0,1.61,9380.0,39600000.0
South Africa,1993,8.36,68800000.0,3.83,9450.0,40600000.0
South Africa,1994,8.74,71300000.0,3.89,9540.0,41400000.0
South Africa,1995,8.62,72400000.0,4.86,9760.0,42200000.0
South Africa,1996,8.98,74000000.0,2.98,9840.0,43000000.0
South Africa,1997,8.64,71800000.0,0.619,9730.0,43700000.0
South Africa,1998,8.46,75000000.0,2.5,9820.0,44300000.0
South Africa,1999,8.42,74600000.0,4.37,10100.0,45000000.0
South Africa,2000,8.16,74900000.0,3.01,10200.0,45600000.0
South Africa,2001,7.73,71200000.0,3.95,10500.0,46200000.0
South Africa,2002,8.66,79200000.0,3.23,10600.0,46700000.0
South Africa,2003,9.5,86800000.0,4.86,11000.0,47300000.0
South Africa,2004,8.69,80000000.0,5.52,11400.0,47900000.0
South Africa,2005,9.22,81500000.0,5.81,11900.0,48500000.0
South Africa,2006,9.47,83700000.0,5.68,12400.0,49100000.0
South Africa,2007,9.94,93300000.0,3.75,12600.0,49800000.0
South Africa,2008,9.96,93800000.0,1.22,12300.0,50500000.0
South Africa,2009,9.16,92800000.0,3.56,12500.0,51200000.0
South Africa,2010,9.16,90500000.0,2.89,12700.0,52000000.0
